{"__type":"$$EventMessageAudit","id":"32e725b9-cf23-4b2e-ac4c-ce8d80dec4ec","ts":"2026-01-23T16:39:49.418+00:00","eventName":"n8n.audit.workflow.created","message":"n8n.audit.workflow.created","payload":{"userId":"2a012144-5790-42bf-a5ce-c35e032b4d77","_email":"programmingpyrubygo@gmail.com","_firstName":"Lucas","_lastName":"de Souza Gomes","globalRole":"global:owner","workflowId":"huq7KEz7x0gMfRfdErCYu","workflowName":"My workflow"}}
{"__type":"$$EventMessageConfirm","confirm":"32e725b9-cf23-4b2e-ac4c-ce8d80dec4ec","ts":"2026-01-23T16:39:49.418+00:00","source":{"id":"0","name":"eventBus"}}
{"__type":"$$EventMessageAudit","id":"ee350162-5d5b-41d4-a48e-0098ae9e0d69","ts":"2026-01-23T16:39:55.608+00:00","eventName":"n8n.audit.workflow.updated","message":"n8n.audit.workflow.updated","payload":{"userId":"2a012144-5790-42bf-a5ce-c35e032b4d77","_email":"programmingpyrubygo@gmail.com","_firstName":"Lucas","_lastName":"de Souza Gomes","globalRole":"global:owner","workflowId":"huq7KEz7x0gMfRfdErCYu","workflowName":"My workflow"}}
{"__type":"$$EventMessageConfirm","confirm":"ee350162-5d5b-41d4-a48e-0098ae9e0d69","ts":"2026-01-23T16:39:55.608+00:00","source":{"id":"0","name":"eventBus"}}
{"__type":"$$EventMessageAudit","id":"20eb4243-a2dc-472e-baa4-59448ed2bbf8","ts":"2026-01-23T16:39:57.351+00:00","eventName":"n8n.audit.workflow.updated","message":"n8n.audit.workflow.updated","payload":{"userId":"2a012144-5790-42bf-a5ce-c35e032b4d77","_email":"programmingpyrubygo@gmail.com","_firstName":"Lucas","_lastName":"de Souza Gomes","globalRole":"global:owner","workflowId":"huq7KEz7x0gMfRfdErCYu","workflowName":"My workflow"}}
{"__type":"$$EventMessageConfirm","confirm":"20eb4243-a2dc-472e-baa4-59448ed2bbf8","ts":"2026-01-23T16:39:57.351+00:00","source":{"id":"0","name":"eventBus"}}
{"__type":"$$EventMessageAudit","id":"465a4264-d9aa-4a98-b8d7-277a3ef64199","ts":"2026-01-23T16:40:06.159+00:00","eventName":"n8n.audit.workflow.updated","message":"n8n.audit.workflow.updated","payload":{"userId":"2a012144-5790-42bf-a5ce-c35e032b4d77","_email":"programmingpyrubygo@gmail.com","_firstName":"Lucas","_lastName":"de Souza Gomes","globalRole":"global:owner","workflowId":"huq7KEz7x0gMfRfdErCYu","workflowName":"My workflow"}}
{"__type":"$$EventMessageConfirm","confirm":"465a4264-d9aa-4a98-b8d7-277a3ef64199","ts":"2026-01-23T16:40:06.159+00:00","source":{"id":"0","name":"eventBus"}}
{"__type":"$$EventMessageAudit","id":"f4fa017c-f749-4c92-80d0-1425eb43d564","ts":"2026-01-23T16:40:08.344+00:00","eventName":"n8n.audit.workflow.updated","message":"n8n.audit.workflow.updated","payload":{"userId":"2a012144-5790-42bf-a5ce-c35e032b4d77","_email":"programmingpyrubygo@gmail.com","_firstName":"Lucas","_lastName":"de Souza Gomes","globalRole":"global:owner","workflowId":"huq7KEz7x0gMfRfdErCYu","workflowName":"My workflow"}}
{"__type":"$$EventMessageConfirm","confirm":"f4fa017c-f749-4c92-80d0-1425eb43d564","ts":"2026-01-23T16:40:08.344+00:00","source":{"id":"0","name":"eventBus"}}
{"__type":"$$EventMessageAudit","id":"48c8e98c-4827-4f49-b246-e3642a8f89cf","ts":"2026-01-23T16:40:12.491+00:00","eventName":"n8n.audit.workflow.updated","message":"n8n.audit.workflow.updated","payload":{"userId":"2a012144-5790-42bf-a5ce-c35e032b4d77","_email":"programmingpyrubygo@gmail.com","_firstName":"Lucas","_lastName":"de Souza Gomes","globalRole":"global:owner","workflowId":"huq7KEz7x0gMfRfdErCYu","workflowName":"My workflow"}}
{"__type":"$$EventMessageConfirm","confirm":"48c8e98c-4827-4f49-b246-e3642a8f89cf","ts":"2026-01-23T16:40:12.491+00:00","source":{"id":"0","name":"eventBus"}}
{"__type":"$$EventMessageWorkflow","id":"1ccb820f-e620-4cc0-8663-6a208dd9d147","ts":"2026-01-23T11:49:42.811-05:00","eventName":"n8n.workflow.started","message":"n8n.workflow.started","payload":{"executionId":"1","workflowId":"huq7KEz7x0gMfRfdErCYu","isManual":false,"workflowName":"My workflow"}}
{"__type":"$$EventMessageConfirm","confirm":"1ccb820f-e620-4cc0-8663-6a208dd9d147","ts":"2026-01-23T11:49:42.811-05:00","source":{"id":"0","name":"eventBus"}}
{"__type":"$$EventMessageAudit","id":"3409cb73-3d6c-41fc-81a7-a9d94031de02","ts":"2026-01-23T11:49:42.811-05:00","eventName":"n8n.audit.workflow.executed","message":"n8n.audit.workflow.executed","payload":{"workflowId":"huq7KEz7x0gMfRfdErCYu","workflowName":"My workflow","executionId":"1","source":"webhook"}}
{"__type":"$$EventMessageConfirm","confirm":"3409cb73-3d6c-41fc-81a7-a9d94031de02","ts":"2026-01-23T11:49:42.811-05:00","source":{"id":"0","name":"eventBus"}}
{"__type":"$$EventMessageNode","id":"d2e9149c-f446-41f1-b5cc-82d3a7b46cf1","ts":"2026-01-23T11:49:42.813-05:00","eventName":"n8n.node.started","message":"n8n.node.started","payload":{"workflowId":"huq7KEz7x0gMfRfdErCYu","workflowName":"My workflow","executionId":"1","nodeType":"n8n-nodes-base.webhook","nodeName":"Webhook","nodeId":"8e0314ea-e9e8-41c1-bae8-6cafb4fb200a"}}
{"__type":"$$EventMessageConfirm","confirm":"d2e9149c-f446-41f1-b5cc-82d3a7b46cf1","ts":"2026-01-23T11:49:42.813-05:00","source":{"id":"0","name":"eventBus"}}
{"__type":"$$EventMessageNode","id":"eaa539f0-5107-48db-825e-f4cd37c18300","ts":"2026-01-23T11:49:42.815-05:00","eventName":"n8n.node.finished","message":"n8n.node.finished","payload":{"workflowId":"huq7KEz7x0gMfRfdErCYu","workflowName":"My workflow","executionId":"1","nodeType":"n8n-nodes-base.webhook","nodeName":"Webhook","nodeId":"8e0314ea-e9e8-41c1-bae8-6cafb4fb200a"}}
{"__type":"$$EventMessageConfirm","confirm":"eaa539f0-5107-48db-825e-f4cd37c18300","ts":"2026-01-23T11:49:42.816-05:00","source":{"id":"0","name":"eventBus"}}
{"__type":"$$EventMessageWorkflow","id":"b3ff147e-b027-460b-bbd7-a245fd703636","ts":"2026-01-23T11:49:42.819-05:00","eventName":"n8n.workflow.success","message":"n8n.workflow.success","payload":{"executionId":"1","success":true,"isManual":true,"workflowId":"huq7KEz7x0gMfRfdErCYu","workflowName":"My workflow"}}
{"__type":"$$EventMessageConfirm","confirm":"b3ff147e-b027-460b-bbd7-a245fd703636","ts":"2026-01-23T11:49:42.820-05:00","source":{"id":"0","name":"eventBus"}}
{"__type":"$$EventMessageAudit","id":"cb3215f2-c026-4051-b041-1569caad89fb","ts":"2026-01-23T11:52:27.298-05:00","eventName":"n8n.audit.workflow.updated","message":"n8n.audit.workflow.updated","payload":{"userId":"2a012144-5790-42bf-a5ce-c35e032b4d77","_email":"programmingpyrubygo@gmail.com","_firstName":"Lucas","_lastName":"de Souza Gomes","globalRole":"global:owner","workflowId":"huq7KEz7x0gMfRfdErCYu","workflowName":"My workflow"}}
{"__type":"$$EventMessageConfirm","confirm":"cb3215f2-c026-4051-b041-1569caad89fb","ts":"2026-01-23T11:52:27.298-05:00","source":{"id":"0","name":"eventBus"}}
{"__type":"$$EventMessageAudit","id":"269af7b3-8038-489a-804d-b3b2e5bbd6bb","ts":"2026-01-23T12:01:50.785-05:00","eventName":"n8n.audit.workflow.updated","message":"n8n.audit.workflow.updated","payload":{"userId":"2a012144-5790-42bf-a5ce-c35e032b4d77","_email":"programmingpyrubygo@gmail.com","_firstName":"Lucas","_lastName":"de Souza Gomes","globalRole":"global:owner","workflowId":"huq7KEz7x0gMfRfdErCYu","workflowName":"My workflow"}}
{"__type":"$$EventMessageConfirm","confirm":"269af7b3-8038-489a-804d-b3b2e5bbd6bb","ts":"2026-01-23T12:01:50.785-05:00","source":{"id":"0","name":"eventBus"}}
{"__type":"$$EventMessageAudit","id":"4b2b9ff1-0b83-4640-bc4d-e0e17b58a461","ts":"2026-01-23T12:02:22.739-05:00","eventName":"n8n.audit.user.credentials.created","message":"n8n.audit.user.credentials.created","payload":{"userId":"2a012144-5790-42bf-a5ce-c35e032b4d77","_email":"programmingpyrubygo@gmail.com","_firstName":"Lucas","_lastName":"de Souza Gomes","globalRole":"global:owner","credentialType":"notionApi","credentialId":"p3BdlhiOjPMoipYr","publicApi":false,"projectId":"OYBtfjZfNtXSEflx","projectType":"personal"}}
{"__type":"$$EventMessageConfirm","confirm":"4b2b9ff1-0b83-4640-bc4d-e0e17b58a461","ts":"2026-01-23T12:02:22.739-05:00","source":{"id":"0","name":"eventBus"}}
{"__type":"$$EventMessageAudit","id":"1798b060-0be4-4b9e-b446-2e224b6483ad","ts":"2026-01-23T12:02:24.357-05:00","eventName":"n8n.audit.workflow.updated","message":"n8n.audit.workflow.updated","payload":{"userId":"2a012144-5790-42bf-a5ce-c35e032b4d77","_email":"programmingpyrubygo@gmail.com","_firstName":"Lucas","_lastName":"de Souza Gomes","globalRole":"global:owner","workflowId":"huq7KEz7x0gMfRfdErCYu","workflowName":"My workflow"}}
{"__type":"$$EventMessageConfirm","confirm":"1798b060-0be4-4b9e-b446-2e224b6483ad","ts":"2026-01-23T12:02:24.357-05:00","source":{"id":"0","name":"eventBus"}}
{"__type":"$$EventMessageAudit","id":"a99569b1-be0a-4bbd-b7ad-946763ffd291","ts":"2026-01-23T12:03:49.164-05:00","eventName":"n8n.audit.workflow.updated","message":"n8n.audit.workflow.updated","payload":{"userId":"2a012144-5790-42bf-a5ce-c35e032b4d77","_email":"programmingpyrubygo@gmail.com","_firstName":"Lucas","_lastName":"de Souza Gomes","globalRole":"global:owner","workflowId":"huq7KEz7x0gMfRfdErCYu","workflowName":"My workflow"}}
{"__type":"$$EventMessageConfirm","confirm":"a99569b1-be0a-4bbd-b7ad-946763ffd291","ts":"2026-01-23T12:03:49.164-05:00","source":{"id":"0","name":"eventBus"}}
{"__type":"$$EventMessageAudit","id":"2165fd09-054e-4f7e-82c1-65fa2cabf203","ts":"2026-01-23T12:04:28.321-05:00","eventName":"n8n.audit.workflow.updated","message":"n8n.audit.workflow.updated","payload":{"userId":"2a012144-5790-42bf-a5ce-c35e032b4d77","_email":"programmingpyrubygo@gmail.com","_firstName":"Lucas","_lastName":"de Souza Gomes","globalRole":"global:owner","workflowId":"huq7KEz7x0gMfRfdErCYu","workflowName":"My workflow"}}
{"__type":"$$EventMessageConfirm","confirm":"2165fd09-054e-4f7e-82c1-65fa2cabf203","ts":"2026-01-23T12:04:28.321-05:00","source":{"id":"0","name":"eventBus"}}
{"__type":"$$EventMessageAudit","id":"4bd5b2f5-0a01-4c26-bb35-d588e5a688c6","ts":"2026-01-23T12:04:32.394-05:00","eventName":"n8n.audit.workflow.updated","message":"n8n.audit.workflow.updated","payload":{"userId":"2a012144-5790-42bf-a5ce-c35e032b4d77","_email":"programmingpyrubygo@gmail.com","_firstName":"Lucas","_lastName":"de Souza Gomes","globalRole":"global:owner","workflowId":"huq7KEz7x0gMfRfdErCYu","workflowName":"My workflow"}}
{"__type":"$$EventMessageConfirm","confirm":"4bd5b2f5-0a01-4c26-bb35-d588e5a688c6","ts":"2026-01-23T12:04:32.394-05:00","source":{"id":"0","name":"eventBus"}}
{"__type":"$$EventMessageAudit","id":"f9ca3750-097a-4207-8edf-afee87e6b562","ts":"2026-01-23T12:04:48.030-05:00","eventName":"n8n.audit.workflow.updated","message":"n8n.audit.workflow.updated","payload":{"userId":"2a012144-5790-42bf-a5ce-c35e032b4d77","_email":"programmingpyrubygo@gmail.com","_firstName":"Lucas","_lastName":"de Souza Gomes","globalRole":"global:owner","workflowId":"huq7KEz7x0gMfRfdErCYu","workflowName":"My workflow"}}
{"__type":"$$EventMessageConfirm","confirm":"f9ca3750-097a-4207-8edf-afee87e6b562","ts":"2026-01-23T12:04:48.030-05:00","source":{"id":"0","name":"eventBus"}}
{"__type":"$$EventMessageAudit","id":"e93fa31b-c4bd-45a0-a307-e3064a7f5770","ts":"2026-01-23T12:04:54.829-05:00","eventName":"n8n.audit.workflow.updated","message":"n8n.audit.workflow.updated","payload":{"userId":"2a012144-5790-42bf-a5ce-c35e032b4d77","_email":"programmingpyrubygo@gmail.com","_firstName":"Lucas","_lastName":"de Souza Gomes","globalRole":"global:owner","workflowId":"huq7KEz7x0gMfRfdErCYu","workflowName":"My workflow"}}
{"__type":"$$EventMessageConfirm","confirm":"e93fa31b-c4bd-45a0-a307-e3064a7f5770","ts":"2026-01-23T12:04:54.829-05:00","source":{"id":"0","name":"eventBus"}}
{"__type":"$$EventMessageAudit","id":"07d70d55-d598-464b-bde6-39f13921fde3","ts":"2026-01-23T12:05:02.912-05:00","eventName":"n8n.audit.workflow.updated","message":"n8n.audit.workflow.updated","payload":{"userId":"2a012144-5790-42bf-a5ce-c35e032b4d77","_email":"programmingpyrubygo@gmail.com","_firstName":"Lucas","_lastName":"de Souza Gomes","globalRole":"global:owner","workflowId":"huq7KEz7x0gMfRfdErCYu","workflowName":"My workflow"}}
{"__type":"$$EventMessageConfirm","confirm":"07d70d55-d598-464b-bde6-39f13921fde3","ts":"2026-01-23T12:05:02.912-05:00","source":{"id":"0","name":"eventBus"}}
{"__type":"$$EventMessageAudit","id":"a94cd103-d7d2-4ff5-98d5-ad3854c9c6e1","ts":"2026-01-23T12:05:15.483-05:00","eventName":"n8n.audit.workflow.updated","message":"n8n.audit.workflow.updated","payload":{"userId":"2a012144-5790-42bf-a5ce-c35e032b4d77","_email":"programmingpyrubygo@gmail.com","_firstName":"Lucas","_lastName":"de Souza Gomes","globalRole":"global:owner","workflowId":"huq7KEz7x0gMfRfdErCYu","workflowName":"My workflow"}}
{"__type":"$$EventMessageConfirm","confirm":"a94cd103-d7d2-4ff5-98d5-ad3854c9c6e1","ts":"2026-01-23T12:05:15.483-05:00","source":{"id":"0","name":"eventBus"}}
{"__type":"$$EventMessageAudit","id":"70ef7862-0101-4755-bf3e-82b34a734900","ts":"2026-01-23T12:05:17.754-05:00","eventName":"n8n.audit.workflow.updated","message":"n8n.audit.workflow.updated","payload":{"userId":"2a012144-5790-42bf-a5ce-c35e032b4d77","_email":"programmingpyrubygo@gmail.com","_firstName":"Lucas","_lastName":"de Souza Gomes","globalRole":"global:owner","workflowId":"huq7KEz7x0gMfRfdErCYu","workflowName":"My workflow"}}
{"__type":"$$EventMessageConfirm","confirm":"70ef7862-0101-4755-bf3e-82b34a734900","ts":"2026-01-23T12:05:17.754-05:00","source":{"id":"0","name":"eventBus"}}
{"__type":"$$EventMessageAudit","id":"e8c251fe-b875-4a0b-8b1e-619a91f2f4ee","ts":"2026-01-23T12:05:26.096-05:00","eventName":"n8n.audit.workflow.updated","message":"n8n.audit.workflow.updated","payload":{"userId":"2a012144-5790-42bf-a5ce-c35e032b4d77","_email":"programmingpyrubygo@gmail.com","_firstName":"Lucas","_lastName":"de Souza Gomes","globalRole":"global:owner","workflowId":"huq7KEz7x0gMfRfdErCYu","workflowName":"My workflow"}}
{"__type":"$$EventMessageConfirm","confirm":"e8c251fe-b875-4a0b-8b1e-619a91f2f4ee","ts":"2026-01-23T12:05:26.096-05:00","source":{"id":"0","name":"eventBus"}}
{"__type":"$$EventMessageAudit","id":"91e49735-0590-41de-b20b-43ad1bd44e8d","ts":"2026-01-23T12:05:28.146-05:00","eventName":"n8n.audit.workflow.updated","message":"n8n.audit.workflow.updated","payload":{"userId":"2a012144-5790-42bf-a5ce-c35e032b4d77","_email":"programmingpyrubygo@gmail.com","_firstName":"Lucas","_lastName":"de Souza Gomes","globalRole":"global:owner","workflowId":"huq7KEz7x0gMfRfdErCYu","workflowName":"My workflow"}}
{"__type":"$$EventMessageConfirm","confirm":"91e49735-0590-41de-b20b-43ad1bd44e8d","ts":"2026-01-23T12:05:28.146-05:00","source":{"id":"0","name":"eventBus"}}
{"__type":"$$EventMessageAudit","id":"6e0982ef-92ae-4df2-b260-3c65d5477d02","ts":"2026-01-23T12:05:39.272-05:00","eventName":"n8n.audit.workflow.updated","message":"n8n.audit.workflow.updated","payload":{"userId":"2a012144-5790-42bf-a5ce-c35e032b4d77","_email":"programmingpyrubygo@gmail.com","_firstName":"Lucas","_lastName":"de Souza Gomes","globalRole":"global:owner","workflowId":"huq7KEz7x0gMfRfdErCYu","workflowName":"My workflow"}}
{"__type":"$$EventMessageConfirm","confirm":"6e0982ef-92ae-4df2-b260-3c65d5477d02","ts":"2026-01-23T12:05:39.272-05:00","source":{"id":"0","name":"eventBus"}}
{"__type":"$$EventMessageAudit","id":"eb2c0501-2076-4544-be0a-a63885943e64","ts":"2026-01-23T12:05:43.097-05:00","eventName":"n8n.audit.workflow.updated","message":"n8n.audit.workflow.updated","payload":{"userId":"2a012144-5790-42bf-a5ce-c35e032b4d77","_email":"programmingpyrubygo@gmail.com","_firstName":"Lucas","_lastName":"de Souza Gomes","globalRole":"global:owner","workflowId":"huq7KEz7x0gMfRfdErCYu","workflowName":"My workflow"}}
{"__type":"$$EventMessageConfirm","confirm":"eb2c0501-2076-4544-be0a-a63885943e64","ts":"2026-01-23T12:05:43.097-05:00","source":{"id":"0","name":"eventBus"}}
{"__type":"$$EventMessageAudit","id":"1cdc5b7f-fa7d-4d99-9b1b-7edfdb2ad327","ts":"2026-01-23T12:05:48.238-05:00","eventName":"n8n.audit.workflow.updated","message":"n8n.audit.workflow.updated","payload":{"userId":"2a012144-5790-42bf-a5ce-c35e032b4d77","_email":"programmingpyrubygo@gmail.com","_firstName":"Lucas","_lastName":"de Souza Gomes","globalRole":"global:owner","workflowId":"huq7KEz7x0gMfRfdErCYu","workflowName":"My workflow"}}
{"__type":"$$EventMessageConfirm","confirm":"1cdc5b7f-fa7d-4d99-9b1b-7edfdb2ad327","ts":"2026-01-23T12:05:48.238-05:00","source":{"id":"0","name":"eventBus"}}
{"__type":"$$EventMessageAudit","id":"0c0a15aa-2d87-4cc7-acfd-c81ff7feafe4","ts":"2026-01-23T12:05:59.711-05:00","eventName":"n8n.audit.workflow.updated","message":"n8n.audit.workflow.updated","payload":{"userId":"2a012144-5790-42bf-a5ce-c35e032b4d77","_email":"programmingpyrubygo@gmail.com","_firstName":"Lucas","_lastName":"de Souza Gomes","globalRole":"global:owner","workflowId":"huq7KEz7x0gMfRfdErCYu","workflowName":"My workflow"}}
{"__type":"$$EventMessageConfirm","confirm":"0c0a15aa-2d87-4cc7-acfd-c81ff7feafe4","ts":"2026-01-23T12:05:59.711-05:00","source":{"id":"0","name":"eventBus"}}
{"__type":"$$EventMessageAudit","id":"16dc699e-5993-41bb-969b-4a0c4738b4e5","ts":"2026-01-23T12:06:03.317-05:00","eventName":"n8n.audit.workflow.updated","message":"n8n.audit.workflow.updated","payload":{"userId":"2a012144-5790-42bf-a5ce-c35e032b4d77","_email":"programmingpyrubygo@gmail.com","_firstName":"Lucas","_lastName":"de Souza Gomes","globalRole":"global:owner","workflowId":"huq7KEz7x0gMfRfdErCYu","workflowName":"My workflow"}}
{"__type":"$$EventMessageConfirm","confirm":"16dc699e-5993-41bb-969b-4a0c4738b4e5","ts":"2026-01-23T12:06:03.317-05:00","source":{"id":"0","name":"eventBus"}}
{"__type":"$$EventMessageAudit","id":"8f7bb6bf-989f-4b9e-b1bd-939b7b7c69a5","ts":"2026-01-23T12:06:05.408-05:00","eventName":"n8n.audit.workflow.updated","message":"n8n.audit.workflow.updated","payload":{"userId":"2a012144-5790-42bf-a5ce-c35e032b4d77","_email":"programmingpyrubygo@gmail.com","_firstName":"Lucas","_lastName":"de Souza Gomes","globalRole":"global:owner","workflowId":"huq7KEz7x0gMfRfdErCYu","workflowName":"My workflow"}}
{"__type":"$$EventMessageConfirm","confirm":"8f7bb6bf-989f-4b9e-b1bd-939b7b7c69a5","ts":"2026-01-23T12:06:05.408-05:00","source":{"id":"0","name":"eventBus"}}
{"__type":"$$EventMessageAudit","id":"121558dc-c4d7-4677-a296-3f4416790547","ts":"2026-01-23T12:06:11.078-05:00","eventName":"n8n.audit.workflow.updated","message":"n8n.audit.workflow.updated","payload":{"userId":"2a012144-5790-42bf-a5ce-c35e032b4d77","_email":"programmingpyrubygo@gmail.com","_firstName":"Lucas","_lastName":"de Souza Gomes","globalRole":"global:owner","workflowId":"huq7KEz7x0gMfRfdErCYu","workflowName":"My workflow"}}
{"__type":"$$EventMessageConfirm","confirm":"121558dc-c4d7-4677-a296-3f4416790547","ts":"2026-01-23T12:06:11.078-05:00","source":{"id":"0","name":"eventBus"}}
{"__type":"$$EventMessageAudit","id":"1c09f125-ac21-49d9-9f87-474f33e2a590","ts":"2026-01-23T12:06:14.798-05:00","eventName":"n8n.audit.workflow.updated","message":"n8n.audit.workflow.updated","payload":{"userId":"2a012144-5790-42bf-a5ce-c35e032b4d77","_email":"programmingpyrubygo@gmail.com","_firstName":"Lucas","_lastName":"de Souza Gomes","globalRole":"global:owner","workflowId":"huq7KEz7x0gMfRfdErCYu","workflowName":"My workflow"}}
{"__type":"$$EventMessageConfirm","confirm":"1c09f125-ac21-49d9-9f87-474f33e2a590","ts":"2026-01-23T12:06:14.799-05:00","source":{"id":"0","name":"eventBus"}}
{"__type":"$$EventMessageAudit","id":"0c91e980-9096-4c36-9fc9-45f04a5350f5","ts":"2026-01-23T12:06:19.046-05:00","eventName":"n8n.audit.workflow.updated","message":"n8n.audit.workflow.updated","payload":{"userId":"2a012144-5790-42bf-a5ce-c35e032b4d77","_email":"programmingpyrubygo@gmail.com","_firstName":"Lucas","_lastName":"de Souza Gomes","globalRole":"global:owner","workflowId":"huq7KEz7x0gMfRfdErCYu","workflowName":"My workflow"}}
{"__type":"$$EventMessageConfirm","confirm":"0c91e980-9096-4c36-9fc9-45f04a5350f5","ts":"2026-01-23T12:06:19.046-05:00","source":{"id":"0","name":"eventBus"}}
{"__type":"$$EventMessageAudit","id":"9afe938f-872b-4e38-b910-cfb6f5c0aca4","ts":"2026-01-23T12:07:44.080-05:00","eventName":"n8n.audit.workflow.updated","message":"n8n.audit.workflow.updated","payload":{"userId":"2a012144-5790-42bf-a5ce-c35e032b4d77","_email":"programmingpyrubygo@gmail.com","_firstName":"Lucas","_lastName":"de Souza Gomes","globalRole":"global:owner","workflowId":"huq7KEz7x0gMfRfdErCYu","workflowName":"My workflow"}}
{"__type":"$$EventMessageConfirm","confirm":"9afe938f-872b-4e38-b910-cfb6f5c0aca4","ts":"2026-01-23T12:07:44.081-05:00","source":{"id":"0","name":"eventBus"}}
{"__type":"$$EventMessageAudit","id":"666ac29b-97d4-4908-af52-38bcda9a518c","ts":"2026-01-23T12:07:52.941-05:00","eventName":"n8n.audit.workflow.updated","message":"n8n.audit.workflow.updated","payload":{"userId":"2a012144-5790-42bf-a5ce-c35e032b4d77","_email":"programmingpyrubygo@gmail.com","_firstName":"Lucas","_lastName":"de Souza Gomes","globalRole":"global:owner","workflowId":"huq7KEz7x0gMfRfdErCYu","workflowName":"My workflow"}}
{"__type":"$$EventMessageConfirm","confirm":"666ac29b-97d4-4908-af52-38bcda9a518c","ts":"2026-01-23T12:07:52.941-05:00","source":{"id":"0","name":"eventBus"}}
{"__type":"$$EventMessageAudit","id":"482a8332-e238-4257-b3b2-1719510b1f5f","ts":"2026-01-23T12:07:59.520-05:00","eventName":"n8n.audit.workflow.updated","message":"n8n.audit.workflow.updated","payload":{"userId":"2a012144-5790-42bf-a5ce-c35e032b4d77","_email":"programmingpyrubygo@gmail.com","_firstName":"Lucas","_lastName":"de Souza Gomes","globalRole":"global:owner","workflowId":"huq7KEz7x0gMfRfdErCYu","workflowName":"My workflow"}}
{"__type":"$$EventMessageConfirm","confirm":"482a8332-e238-4257-b3b2-1719510b1f5f","ts":"2026-01-23T12:07:59.520-05:00","source":{"id":"0","name":"eventBus"}}
{"__type":"$$EventMessageAudit","id":"8efd6330-492c-469d-9df2-a44936211d5d","ts":"2026-01-23T12:08:01.626-05:00","eventName":"n8n.audit.workflow.updated","message":"n8n.audit.workflow.updated","payload":{"userId":"2a012144-5790-42bf-a5ce-c35e032b4d77","_email":"programmingpyrubygo@gmail.com","_firstName":"Lucas","_lastName":"de Souza Gomes","globalRole":"global:owner","workflowId":"huq7KEz7x0gMfRfdErCYu","workflowName":"My workflow"}}
{"__type":"$$EventMessageConfirm","confirm":"8efd6330-492c-469d-9df2-a44936211d5d","ts":"2026-01-23T12:08:01.627-05:00","source":{"id":"0","name":"eventBus"}}
{"__type":"$$EventMessageAudit","id":"ea255b2e-b091-4ed0-8667-b0192cb02b90","ts":"2026-01-23T12:09:46.574-05:00","eventName":"n8n.audit.workflow.activated","message":"n8n.audit.workflow.activated","payload":{"userId":"2a012144-5790-42bf-a5ce-c35e032b4d77","_email":"programmingpyrubygo@gmail.com","_firstName":"Lucas","_lastName":"de Souza Gomes","globalRole":"global:owner","workflowId":"huq7KEz7x0gMfRfdErCYu","workflowName":"My workflow","activeVersionId":"35853a34-9a8e-49c5-8179-5f3b5ed59fd6"}}
{"__type":"$$EventMessageConfirm","confirm":"ea255b2e-b091-4ed0-8667-b0192cb02b90","ts":"2026-01-23T12:09:46.574-05:00","source":{"id":"0","name":"eventBus"}}
{"__type":"$$EventMessageAudit","id":"770bf15d-d6d3-4494-bdfd-bd07c4f50dfe","ts":"2026-01-23T12:10:23.598-05:00","eventName":"n8n.audit.workflow.updated","message":"n8n.audit.workflow.updated","payload":{"userId":"2a012144-5790-42bf-a5ce-c35e032b4d77","_email":"programmingpyrubygo@gmail.com","_firstName":"Lucas","_lastName":"de Souza Gomes","globalRole":"global:owner","workflowId":"huq7KEz7x0gMfRfdErCYu","workflowName":"AI Process Optimizer v1"}}
{"__type":"$$EventMessageConfirm","confirm":"770bf15d-d6d3-4494-bdfd-bd07c4f50dfe","ts":"2026-01-23T12:10:23.599-05:00","source":{"id":"0","name":"eventBus"}}
{"__type":"$$EventMessageAudit","id":"e6e38748-3772-4785-bab4-88962361f90b","ts":"2026-01-23T12:19:48.397-05:00","eventName":"n8n.audit.workflow.updated","message":"n8n.audit.workflow.updated","payload":{"userId":"2a012144-5790-42bf-a5ce-c35e032b4d77","_email":"programmingpyrubygo@gmail.com","_firstName":"Lucas","_lastName":"de Souza Gomes","globalRole":"global:owner","workflowId":"huq7KEz7x0gMfRfdErCYu","workflowName":"AI Process Optimizer v1"}}
{"__type":"$$EventMessageConfirm","confirm":"e6e38748-3772-4785-bab4-88962361f90b","ts":"2026-01-23T12:19:48.397-05:00","source":{"id":"0","name":"eventBus"}}
{"__type":"$$EventMessageWorkflow","id":"51959dff-ec9a-4018-b98a-be614f84053f","ts":"2026-01-23T12:21:54.206-05:00","eventName":"n8n.workflow.started","message":"n8n.workflow.started","payload":{"executionId":"2","workflowId":"huq7KEz7x0gMfRfdErCYu","isManual":false,"workflowName":"AI Process Optimizer v1"}}
{"__type":"$$EventMessageConfirm","confirm":"51959dff-ec9a-4018-b98a-be614f84053f","ts":"2026-01-23T12:21:54.206-05:00","source":{"id":"0","name":"eventBus"}}
{"__type":"$$EventMessageAudit","id":"d44f80c5-4f5c-404a-8439-44c5c324f2bb","ts":"2026-01-23T12:21:54.206-05:00","eventName":"n8n.audit.workflow.executed","message":"n8n.audit.workflow.executed","payload":{"workflowId":"huq7KEz7x0gMfRfdErCYu","workflowName":"AI Process Optimizer v1","executionId":"2","source":"webhook"}}
{"__type":"$$EventMessageConfirm","confirm":"d44f80c5-4f5c-404a-8439-44c5c324f2bb","ts":"2026-01-23T12:21:54.206-05:00","source":{"id":"0","name":"eventBus"}}
{"__type":"$$EventMessageNode","id":"ce7ffafb-8253-4fcd-989d-abdc57c9ab17","ts":"2026-01-23T12:21:54.208-05:00","eventName":"n8n.node.started","message":"n8n.node.started","payload":{"workflowId":"huq7KEz7x0gMfRfdErCYu","workflowName":"AI Process Optimizer v1","executionId":"2","nodeType":"n8n-nodes-base.webhook","nodeName":"Webhook","nodeId":"8e0314ea-e9e8-41c1-bae8-6cafb4fb200a"}}
{"__type":"$$EventMessageConfirm","confirm":"ce7ffafb-8253-4fcd-989d-abdc57c9ab17","ts":"2026-01-23T12:21:54.208-05:00","source":{"id":"0","name":"eventBus"}}
{"__type":"$$EventMessageNode","id":"2607819d-1a80-447b-b93d-db2a19a4a183","ts":"2026-01-23T12:21:54.209-05:00","eventName":"n8n.node.finished","message":"n8n.node.finished","payload":{"workflowId":"huq7KEz7x0gMfRfdErCYu","workflowName":"AI Process Optimizer v1","executionId":"2","nodeType":"n8n-nodes-base.webhook","nodeName":"Webhook","nodeId":"8e0314ea-e9e8-41c1-bae8-6cafb4fb200a"}}
{"__type":"$$EventMessageConfirm","confirm":"2607819d-1a80-447b-b93d-db2a19a4a183","ts":"2026-01-23T12:21:54.209-05:00","source":{"id":"0","name":"eventBus"}}
{"__type":"$$EventMessageWorkflow","id":"3342c0df-b489-4503-bdbf-d96e7fbd59b4","ts":"2026-01-23T12:21:54.216-05:00","eventName":"n8n.workflow.success","message":"n8n.workflow.success","payload":{"executionId":"2","success":true,"isManual":true,"workflowId":"huq7KEz7x0gMfRfdErCYu","workflowName":"AI Process Optimizer v1"}}
{"__type":"$$EventMessageConfirm","confirm":"3342c0df-b489-4503-bdbf-d96e7fbd59b4","ts":"2026-01-23T12:21:54.217-05:00","source":{"id":"0","name":"eventBus"}}
{"__type":"$$EventMessageWorkflow","id":"21a901eb-1bad-43d5-85f1-1e8e48de2660","ts":"2026-01-23T12:22:46.835-05:00","eventName":"n8n.workflow.started","message":"n8n.workflow.started","payload":{"executionId":"3","workflowId":"huq7KEz7x0gMfRfdErCYu","isManual":false,"workflowName":"AI Process Optimizer v1"}}
{"__type":"$$EventMessageConfirm","confirm":"21a901eb-1bad-43d5-85f1-1e8e48de2660","ts":"2026-01-23T12:22:46.836-05:00","source":{"id":"0","name":"eventBus"}}
{"__type":"$$EventMessageAudit","id":"4abaa2ab-41fc-439b-a131-4f7709670c9a","ts":"2026-01-23T12:22:46.837-05:00","eventName":"n8n.audit.workflow.executed","message":"n8n.audit.workflow.executed","payload":{"userId":"2a012144-5790-42bf-a5ce-c35e032b4d77","_email":"programmingpyrubygo@gmail.com","_firstName":"Lucas","_lastName":"de Souza Gomes","globalRole":"global:owner","workflowId":"huq7KEz7x0gMfRfdErCYu","workflowName":"AI Process Optimizer v1","executionId":"3","source":"user-manual"}}
{"__type":"$$EventMessageConfirm","confirm":"4abaa2ab-41fc-439b-a131-4f7709670c9a","ts":"2026-01-23T12:22:46.838-05:00","source":{"id":"0","name":"eventBus"}}
{"__type":"$$EventMessageNode","id":"77280cdf-0710-4576-a67c-e092e94ffafa","ts":"2026-01-23T12:22:46.839-05:00","eventName":"n8n.node.started","message":"n8n.node.started","payload":{"workflowId":"huq7KEz7x0gMfRfdErCYu","workflowName":"AI Process Optimizer v1","executionId":"3","nodeType":"n8n-nodes-base.notion","nodeName":"Create a database page","nodeId":"b003d87a-1f21-4652-a36a-4f34992e0fa1"}}
{"__type":"$$EventMessageConfirm","confirm":"77280cdf-0710-4576-a67c-e092e94ffafa","ts":"2026-01-23T12:22:46.839-05:00","source":{"id":"0","name":"eventBus"}}
{"__type":"$$EventMessageNode","id":"a42821e6-d7a6-4410-90ff-bd7d469d1edf","ts":"2026-01-23T12:22:48.003-05:00","eventName":"n8n.node.finished","message":"n8n.node.finished","payload":{"workflowId":"huq7KEz7x0gMfRfdErCYu","workflowName":"AI Process Optimizer v1","executionId":"3","nodeType":"n8n-nodes-base.notion","nodeName":"Create a database page","nodeId":"b003d87a-1f21-4652-a36a-4f34992e0fa1"}}
{"__type":"$$EventMessageConfirm","confirm":"a42821e6-d7a6-4410-90ff-bd7d469d1edf","ts":"2026-01-23T12:22:48.004-05:00","source":{"id":"0","name":"eventBus"}}
{"__type":"$$EventMessageWorkflow","id":"a6a295b1-2b60-4333-bf17-d017051307a7","ts":"2026-01-23T12:22:48.007-05:00","eventName":"n8n.workflow.failed","message":"n8n.workflow.failed","payload":{"userId":"2a012144-5790-42bf-a5ce-c35e032b4d77","executionId":"3","success":false,"isManual":true,"workflowId":"huq7KEz7x0gMfRfdErCYu","workflowName":"AI Process Optimizer v1","lastNodeExecuted":"Create a database page","errorNodeType":"n8n-nodes-base.notion","errorMessage":"Bad request - please check your parameters"}}
{"__type":"$$EventMessageConfirm","confirm":"a6a295b1-2b60-4333-bf17-d017051307a7","ts":"2026-01-23T12:22:48.007-05:00","source":{"id":"0","name":"eventBus"}}
{"__type":"$$EventMessageAudit","id":"12101534-5906-4033-9dd1-fc87a2046834","ts":"2026-01-23T12:26:49.372-05:00","eventName":"n8n.audit.workflow.updated","message":"n8n.audit.workflow.updated","payload":{"userId":"2a012144-5790-42bf-a5ce-c35e032b4d77","_email":"programmingpyrubygo@gmail.com","_firstName":"Lucas","_lastName":"de Souza Gomes","globalRole":"global:owner","workflowId":"huq7KEz7x0gMfRfdErCYu","workflowName":"AI Process Optimizer v1"}}
{"__type":"$$EventMessageConfirm","confirm":"12101534-5906-4033-9dd1-fc87a2046834","ts":"2026-01-23T12:26:49.372-05:00","source":{"id":"0","name":"eventBus"}}
{"__type":"$$EventMessageAudit","id":"c4d558dc-3468-4a8e-8203-6b87594edf21","ts":"2026-01-23T12:26:52.558-05:00","eventName":"n8n.audit.workflow.updated","message":"n8n.audit.workflow.updated","payload":{"userId":"2a012144-5790-42bf-a5ce-c35e032b4d77","_email":"programmingpyrubygo@gmail.com","_firstName":"Lucas","_lastName":"de Souza Gomes","globalRole":"global:owner","workflowId":"huq7KEz7x0gMfRfdErCYu","workflowName":"AI Process Optimizer v1"}}
{"__type":"$$EventMessageConfirm","confirm":"c4d558dc-3468-4a8e-8203-6b87594edf21","ts":"2026-01-23T12:26:52.558-05:00","source":{"id":"0","name":"eventBus"}}
{"__type":"$$EventMessageAudit","id":"4960de0c-0396-48a5-80ee-ef103ec5a5d2","ts":"2026-01-23T12:26:54.742-05:00","eventName":"n8n.audit.workflow.updated","message":"n8n.audit.workflow.updated","payload":{"userId":"2a012144-5790-42bf-a5ce-c35e032b4d77","_email":"programmingpyrubygo@gmail.com","_firstName":"Lucas","_lastName":"de Souza Gomes","globalRole":"global:owner","workflowId":"huq7KEz7x0gMfRfdErCYu","workflowName":"AI Process Optimizer v1"}}
{"__type":"$$EventMessageConfirm","confirm":"4960de0c-0396-48a5-80ee-ef103ec5a5d2","ts":"2026-01-23T12:26:54.742-05:00","source":{"id":"0","name":"eventBus"}}
{"__type":"$$EventMessageAudit","id":"ce7b5118-755d-4064-a17d-b840d177ded4","ts":"2026-01-23T12:26:58.068-05:00","eventName":"n8n.audit.workflow.updated","message":"n8n.audit.workflow.updated","payload":{"userId":"2a012144-5790-42bf-a5ce-c35e032b4d77","_email":"programmingpyrubygo@gmail.com","_firstName":"Lucas","_lastName":"de Souza Gomes","globalRole":"global:owner","workflowId":"huq7KEz7x0gMfRfdErCYu","workflowName":"AI Process Optimizer v1"}}
{"__type":"$$EventMessageConfirm","confirm":"ce7b5118-755d-4064-a17d-b840d177ded4","ts":"2026-01-23T12:26:58.068-05:00","source":{"id":"0","name":"eventBus"}}
{"__type":"$$EventMessageAudit","id":"cec53ac4-ee45-4637-be73-21055e31e1d6","ts":"2026-01-23T12:27:02.876-05:00","eventName":"n8n.audit.workflow.updated","message":"n8n.audit.workflow.updated","payload":{"userId":"2a012144-5790-42bf-a5ce-c35e032b4d77","_email":"programmingpyrubygo@gmail.com","_firstName":"Lucas","_lastName":"de Souza Gomes","globalRole":"global:owner","workflowId":"huq7KEz7x0gMfRfdErCYu","workflowName":"AI Process Optimizer v1"}}
{"__type":"$$EventMessageConfirm","confirm":"cec53ac4-ee45-4637-be73-21055e31e1d6","ts":"2026-01-23T12:27:02.876-05:00","source":{"id":"0","name":"eventBus"}}
{"__type":"$$EventMessageAudit","id":"48f78180-28a8-4192-b25f-a1c2e462995d","ts":"2026-01-23T12:28:00.482-05:00","eventName":"n8n.audit.workflow.updated","message":"n8n.audit.workflow.updated","payload":{"userId":"2a012144-5790-42bf-a5ce-c35e032b4d77","_email":"programmingpyrubygo@gmail.com","_firstName":"Lucas","_lastName":"de Souza Gomes","globalRole":"global:owner","workflowId":"huq7KEz7x0gMfRfdErCYu","workflowName":"AI Process Optimizer v1"}}
{"__type":"$$EventMessageConfirm","confirm":"48f78180-28a8-4192-b25f-a1c2e462995d","ts":"2026-01-23T12:28:00.482-05:00","source":{"id":"0","name":"eventBus"}}
{"__type":"$$EventMessageAudit","id":"d285f57a-4cc0-4cb3-a4e0-b8a8aa2fbb5f","ts":"2026-01-23T12:28:11.259-05:00","eventName":"n8n.audit.workflow.updated","message":"n8n.audit.workflow.updated","payload":{"userId":"2a012144-5790-42bf-a5ce-c35e032b4d77","_email":"programmingpyrubygo@gmail.com","_firstName":"Lucas","_lastName":"de Souza Gomes","globalRole":"global:owner","workflowId":"huq7KEz7x0gMfRfdErCYu","workflowName":"AI Process Optimizer v1"}}
{"__type":"$$EventMessageConfirm","confirm":"d285f57a-4cc0-4cb3-a4e0-b8a8aa2fbb5f","ts":"2026-01-23T12:28:11.260-05:00","source":{"id":"0","name":"eventBus"}}
{"__type":"$$EventMessageWorkflow","id":"b6771257-bb83-4c46-9691-321a5b59af58","ts":"2026-01-23T12:30:30.452-05:00","eventName":"n8n.workflow.started","message":"n8n.workflow.started","payload":{"executionId":"4","workflowId":"huq7KEz7x0gMfRfdErCYu","isManual":false,"workflowName":"AI Process Optimizer v1"}}
{"__type":"$$EventMessageConfirm","confirm":"b6771257-bb83-4c46-9691-321a5b59af58","ts":"2026-01-23T12:30:30.453-05:00","source":{"id":"0","name":"eventBus"}}
{"__type":"$$EventMessageAudit","id":"55a6e25a-fa68-49c7-92ac-433fd90ea624","ts":"2026-01-23T12:30:30.453-05:00","eventName":"n8n.audit.workflow.executed","message":"n8n.audit.workflow.executed","payload":{"workflowId":"huq7KEz7x0gMfRfdErCYu","workflowName":"AI Process Optimizer v1","executionId":"4","source":"webhook"}}
{"__type":"$$EventMessageConfirm","confirm":"55a6e25a-fa68-49c7-92ac-433fd90ea624","ts":"2026-01-23T12:30:30.453-05:00","source":{"id":"0","name":"eventBus"}}
{"__type":"$$EventMessageNode","id":"39eac1f1-6c43-4092-9bb8-2b7e798538dd","ts":"2026-01-23T12:30:30.454-05:00","eventName":"n8n.node.started","message":"n8n.node.started","payload":{"workflowId":"huq7KEz7x0gMfRfdErCYu","workflowName":"AI Process Optimizer v1","executionId":"4","nodeType":"n8n-nodes-base.webhook","nodeName":"Webhook","nodeId":"8e0314ea-e9e8-41c1-bae8-6cafb4fb200a"}}
{"__type":"$$EventMessageConfirm","confirm":"39eac1f1-6c43-4092-9bb8-2b7e798538dd","ts":"2026-01-23T12:30:30.454-05:00","source":{"id":"0","name":"eventBus"}}
{"__type":"$$EventMessageNode","id":"c3a8bd5f-3582-48d4-9054-b030458811b2","ts":"2026-01-23T12:30:30.454-05:00","eventName":"n8n.node.finished","message":"n8n.node.finished","payload":{"workflowId":"huq7KEz7x0gMfRfdErCYu","workflowName":"AI Process Optimizer v1","executionId":"4","nodeType":"n8n-nodes-base.webhook","nodeName":"Webhook","nodeId":"8e0314ea-e9e8-41c1-bae8-6cafb4fb200a"}}
{"__type":"$$EventMessageConfirm","confirm":"c3a8bd5f-3582-48d4-9054-b030458811b2","ts":"2026-01-23T12:30:30.455-05:00","source":{"id":"0","name":"eventBus"}}
{"__type":"$$EventMessageWorkflow","id":"0a621402-b974-41c7-ac7f-7936f7f2917f","ts":"2026-01-23T12:30:30.461-05:00","eventName":"n8n.workflow.success","message":"n8n.workflow.success","payload":{"executionId":"4","success":true,"isManual":true,"workflowId":"huq7KEz7x0gMfRfdErCYu","workflowName":"AI Process Optimizer v1"}}
{"__type":"$$EventMessageConfirm","confirm":"0a621402-b974-41c7-ac7f-7936f7f2917f","ts":"2026-01-23T12:30:30.461-05:00","source":{"id":"0","name":"eventBus"}}
{"__type":"$$EventMessageWorkflow","id":"2806534a-daad-4c33-b9fa-e68ef6d0ee4e","ts":"2026-01-23T12:30:47.539-05:00","eventName":"n8n.workflow.started","message":"n8n.workflow.started","payload":{"executionId":"5","workflowId":"huq7KEz7x0gMfRfdErCYu","isManual":false,"workflowName":"AI Process Optimizer v1"}}
{"__type":"$$EventMessageConfirm","confirm":"2806534a-daad-4c33-b9fa-e68ef6d0ee4e","ts":"2026-01-23T12:30:47.539-05:00","source":{"id":"0","name":"eventBus"}}
{"__type":"$$EventMessageAudit","id":"b48866af-b8f1-46fe-84af-5034fc75a142","ts":"2026-01-23T12:30:47.540-05:00","eventName":"n8n.audit.workflow.executed","message":"n8n.audit.workflow.executed","payload":{"userId":"2a012144-5790-42bf-a5ce-c35e032b4d77","_email":"programmingpyrubygo@gmail.com","_firstName":"Lucas","_lastName":"de Souza Gomes","globalRole":"global:owner","workflowId":"huq7KEz7x0gMfRfdErCYu","workflowName":"AI Process Optimizer v1","executionId":"5","source":"user-manual"}}
{"__type":"$$EventMessageConfirm","confirm":"b48866af-b8f1-46fe-84af-5034fc75a142","ts":"2026-01-23T12:30:47.540-05:00","source":{"id":"0","name":"eventBus"}}
{"__type":"$$EventMessageNode","id":"89f33580-0417-4271-b8ba-6f4074d03a33","ts":"2026-01-23T12:30:47.543-05:00","eventName":"n8n.node.started","message":"n8n.node.started","payload":{"workflowId":"huq7KEz7x0gMfRfdErCYu","workflowName":"AI Process Optimizer v1","executionId":"5","nodeType":"n8n-nodes-base.notion","nodeName":"Create a database page","nodeId":"b003d87a-1f21-4652-a36a-4f34992e0fa1"}}
{"__type":"$$EventMessageConfirm","confirm":"89f33580-0417-4271-b8ba-6f4074d03a33","ts":"2026-01-23T12:30:47.544-05:00","source":{"id":"0","name":"eventBus"}}
{"__type":"$$EventMessageNode","id":"7f606dcf-e8a1-47a4-80b6-df3c73e66dca","ts":"2026-01-23T12:30:48.644-05:00","eventName":"n8n.node.finished","message":"n8n.node.finished","payload":{"workflowId":"huq7KEz7x0gMfRfdErCYu","workflowName":"AI Process Optimizer v1","executionId":"5","nodeType":"n8n-nodes-base.notion","nodeName":"Create a database page","nodeId":"b003d87a-1f21-4652-a36a-4f34992e0fa1"}}
{"__type":"$$EventMessageConfirm","confirm":"7f606dcf-e8a1-47a4-80b6-df3c73e66dca","ts":"2026-01-23T12:30:48.644-05:00","source":{"id":"0","name":"eventBus"}}
{"__type":"$$EventMessageWorkflow","id":"fa7c1ada-ae5a-4a35-9491-b49c6e0157eb","ts":"2026-01-23T12:30:48.647-05:00","eventName":"n8n.workflow.success","message":"n8n.workflow.success","payload":{"userId":"2a012144-5790-42bf-a5ce-c35e032b4d77","executionId":"5","success":true,"isManual":true,"workflowId":"huq7KEz7x0gMfRfdErCYu","workflowName":"AI Process Optimizer v1"}}
{"__type":"$$EventMessageConfirm","confirm":"fa7c1ada-ae5a-4a35-9491-b49c6e0157eb","ts":"2026-01-23T12:30:48.647-05:00","source":{"id":"0","name":"eventBus"}}
{"__type":"$$EventMessageAudit","id":"04893d35-70f5-49f3-90d1-865ba2aaa97a","ts":"2026-01-23T12:41:20.738-05:00","eventName":"n8n.audit.workflow.activated","message":"n8n.audit.workflow.activated","payload":{"userId":"2a012144-5790-42bf-a5ce-c35e032b4d77","_email":"programmingpyrubygo@gmail.com","_firstName":"Lucas","_lastName":"de Souza Gomes","globalRole":"global:owner","workflowId":"huq7KEz7x0gMfRfdErCYu","workflowName":"AI Process Optimizer v1","activeVersionId":"33167806-4f36-47f9-aeca-0a2eab54b629"}}
{"__type":"$$EventMessageConfirm","confirm":"04893d35-70f5-49f3-90d1-865ba2aaa97a","ts":"2026-01-23T12:41:20.739-05:00","source":{"id":"0","name":"eventBus"}}
{"__type":"$$EventMessageAudit","id":"17c21766-d967-4280-9170-b1d5490ff40d","ts":"2026-01-23T12:53:50.032-05:00","eventName":"n8n.audit.workflow.updated","message":"n8n.audit.workflow.updated","payload":{"userId":"2a012144-5790-42bf-a5ce-c35e032b4d77","_email":"programmingpyrubygo@gmail.com","_firstName":"Lucas","_lastName":"de Souza Gomes","globalRole":"global:owner","workflowId":"huq7KEz7x0gMfRfdErCYu","workflowName":"AI Process Optimizer v1"}}
{"__type":"$$EventMessageConfirm","confirm":"17c21766-d967-4280-9170-b1d5490ff40d","ts":"2026-01-23T12:53:50.032-05:00","source":{"id":"0","name":"eventBus"}}
{"__type":"$$EventMessageAudit","id":"f38f3086-c2e7-46d4-9bf8-e41ba046a755","ts":"2026-01-23T12:53:55.425-05:00","eventName":"n8n.audit.workflow.updated","message":"n8n.audit.workflow.updated","payload":{"userId":"2a012144-5790-42bf-a5ce-c35e032b4d77","_email":"programmingpyrubygo@gmail.com","_firstName":"Lucas","_lastName":"de Souza Gomes","globalRole":"global:owner","workflowId":"huq7KEz7x0gMfRfdErCYu","workflowName":"AI Process Optimizer v1"}}
{"__type":"$$EventMessageConfirm","confirm":"f38f3086-c2e7-46d4-9bf8-e41ba046a755","ts":"2026-01-23T12:53:55.425-05:00","source":{"id":"0","name":"eventBus"}}
{"__type":"$$EventMessageAudit","id":"06ef92fa-ce11-4317-b721-d17d9699d41e","ts":"2026-01-23T12:54:11.643-05:00","eventName":"n8n.audit.workflow.updated","message":"n8n.audit.workflow.updated","payload":{"userId":"2a012144-5790-42bf-a5ce-c35e032b4d77","_email":"programmingpyrubygo@gmail.com","_firstName":"Lucas","_lastName":"de Souza Gomes","globalRole":"global:owner","workflowId":"huq7KEz7x0gMfRfdErCYu","workflowName":"AI Process Optimizer v1"}}
{"__type":"$$EventMessageConfirm","confirm":"06ef92fa-ce11-4317-b721-d17d9699d41e","ts":"2026-01-23T12:54:11.643-05:00","source":{"id":"0","name":"eventBus"}}
{"__type":"$$EventMessageAudit","id":"2b44e9cf-f8ea-4bd5-9baf-334b8b665eea","ts":"2026-01-23T12:54:31.859-05:00","eventName":"n8n.audit.workflow.updated","message":"n8n.audit.workflow.updated","payload":{"userId":"2a012144-5790-42bf-a5ce-c35e032b4d77","_email":"programmingpyrubygo@gmail.com","_firstName":"Lucas","_lastName":"de Souza Gomes","globalRole":"global:owner","workflowId":"huq7KEz7x0gMfRfdErCYu","workflowName":"AI Process Optimizer v1"}}
{"__type":"$$EventMessageConfirm","confirm":"2b44e9cf-f8ea-4bd5-9baf-334b8b665eea","ts":"2026-01-23T12:54:31.859-05:00","source":{"id":"0","name":"eventBus"}}
{"__type":"$$EventMessageAudit","id":"c08dba8d-3313-4dda-952e-7d02ba41975a","ts":"2026-01-23T12:54:38.735-05:00","eventName":"n8n.audit.workflow.updated","message":"n8n.audit.workflow.updated","payload":{"userId":"2a012144-5790-42bf-a5ce-c35e032b4d77","_email":"programmingpyrubygo@gmail.com","_firstName":"Lucas","_lastName":"de Souza Gomes","globalRole":"global:owner","workflowId":"huq7KEz7x0gMfRfdErCYu","workflowName":"AI Process Optimizer v1"}}
{"__type":"$$EventMessageConfirm","confirm":"c08dba8d-3313-4dda-952e-7d02ba41975a","ts":"2026-01-23T12:54:38.735-05:00","source":{"id":"0","name":"eventBus"}}
{"__type":"$$EventMessageAudit","id":"4ec772c8-5848-4f5e-98f9-b8f2f513ec2e","ts":"2026-01-23T12:54:51.116-05:00","eventName":"n8n.audit.user.credentials.created","message":"n8n.audit.user.credentials.created","payload":{"userId":"2a012144-5790-42bf-a5ce-c35e032b4d77","_email":"programmingpyrubygo@gmail.com","_firstName":"Lucas","_lastName":"de Souza Gomes","globalRole":"global:owner","credentialType":"notionApi","credentialId":"AZtQEw9D0aXbPuKM","publicApi":false,"projectId":"OYBtfjZfNtXSEflx","projectType":"personal"}}
{"__type":"$$EventMessageConfirm","confirm":"4ec772c8-5848-4f5e-98f9-b8f2f513ec2e","ts":"2026-01-23T12:54:51.116-05:00","source":{"id":"0","name":"eventBus"}}
{"__type":"$$EventMessageAudit","id":"786d37e7-69f7-46b8-a241-c344e0c8a3d7","ts":"2026-01-23T12:54:52.732-05:00","eventName":"n8n.audit.workflow.updated","message":"n8n.audit.workflow.updated","payload":{"userId":"2a012144-5790-42bf-a5ce-c35e032b4d77","_email":"programmingpyrubygo@gmail.com","_firstName":"Lucas","_lastName":"de Souza Gomes","globalRole":"global:owner","workflowId":"huq7KEz7x0gMfRfdErCYu","workflowName":"AI Process Optimizer v1"}}
{"__type":"$$EventMessageConfirm","confirm":"786d37e7-69f7-46b8-a241-c344e0c8a3d7","ts":"2026-01-23T12:54:52.732-05:00","source":{"id":"0","name":"eventBus"}}
{"__type":"$$EventMessageAudit","id":"28feb48b-63cf-4806-93ef-163f365b7b2c","ts":"2026-01-23T12:55:01.641-05:00","eventName":"n8n.audit.workflow.updated","message":"n8n.audit.workflow.updated","payload":{"userId":"2a012144-5790-42bf-a5ce-c35e032b4d77","_email":"programmingpyrubygo@gmail.com","_firstName":"Lucas","_lastName":"de Souza Gomes","globalRole":"global:owner","workflowId":"huq7KEz7x0gMfRfdErCYu","workflowName":"AI Process Optimizer v1"}}
{"__type":"$$EventMessageConfirm","confirm":"28feb48b-63cf-4806-93ef-163f365b7b2c","ts":"2026-01-23T12:55:01.641-05:00","source":{"id":"0","name":"eventBus"}}
{"__type":"$$EventMessageAudit","id":"f032ebaa-836c-42b0-94d9-10b43ad26fb1","ts":"2026-01-23T12:55:24.506-05:00","eventName":"n8n.audit.workflow.updated","message":"n8n.audit.workflow.updated","payload":{"userId":"2a012144-5790-42bf-a5ce-c35e032b4d77","_email":"programmingpyrubygo@gmail.com","_firstName":"Lucas","_lastName":"de Souza Gomes","globalRole":"global:owner","workflowId":"huq7KEz7x0gMfRfdErCYu","workflowName":"AI Process Optimizer v1"}}
{"__type":"$$EventMessageConfirm","confirm":"f032ebaa-836c-42b0-94d9-10b43ad26fb1","ts":"2026-01-23T12:55:24.506-05:00","source":{"id":"0","name":"eventBus"}}
{"__type":"$$EventMessageAudit","id":"3fb5369d-baef-478b-b818-a2e8258f76dd","ts":"2026-01-23T12:55:26.374-05:00","eventName":"n8n.audit.workflow.updated","message":"n8n.audit.workflow.updated","payload":{"userId":"2a012144-5790-42bf-a5ce-c35e032b4d77","_email":"programmingpyrubygo@gmail.com","_firstName":"Lucas","_lastName":"de Souza Gomes","globalRole":"global:owner","workflowId":"huq7KEz7x0gMfRfdErCYu","workflowName":"AI Process Optimizer v1"}}
{"__type":"$$EventMessageConfirm","confirm":"3fb5369d-baef-478b-b818-a2e8258f76dd","ts":"2026-01-23T12:55:26.374-05:00","source":{"id":"0","name":"eventBus"}}
{"__type":"$$EventMessageAudit","id":"359ec71f-56fd-4383-a73c-4d71516dac92","ts":"2026-01-23T12:55:29.354-05:00","eventName":"n8n.audit.workflow.updated","message":"n8n.audit.workflow.updated","payload":{"userId":"2a012144-5790-42bf-a5ce-c35e032b4d77","_email":"programmingpyrubygo@gmail.com","_firstName":"Lucas","_lastName":"de Souza Gomes","globalRole":"global:owner","workflowId":"huq7KEz7x0gMfRfdErCYu","workflowName":"AI Process Optimizer v1"}}
{"__type":"$$EventMessageConfirm","confirm":"359ec71f-56fd-4383-a73c-4d71516dac92","ts":"2026-01-23T12:55:29.354-05:00","source":{"id":"0","name":"eventBus"}}
{"__type":"$$EventMessageAudit","id":"cbe036f9-1755-4e6e-a6b3-5554f65eb5e0","ts":"2026-01-23T12:55:31.976-05:00","eventName":"n8n.audit.workflow.updated","message":"n8n.audit.workflow.updated","payload":{"userId":"2a012144-5790-42bf-a5ce-c35e032b4d77","_email":"programmingpyrubygo@gmail.com","_firstName":"Lucas","_lastName":"de Souza Gomes","globalRole":"global:owner","workflowId":"huq7KEz7x0gMfRfdErCYu","workflowName":"AI Process Optimizer v1"}}
{"__type":"$$EventMessageConfirm","confirm":"cbe036f9-1755-4e6e-a6b3-5554f65eb5e0","ts":"2026-01-23T12:55:31.976-05:00","source":{"id":"0","name":"eventBus"}}
{"__type":"$$EventMessageAudit","id":"b53f12af-8597-4454-a3a7-17e7bd428b43","ts":"2026-01-23T12:55:37.420-05:00","eventName":"n8n.audit.workflow.updated","message":"n8n.audit.workflow.updated","payload":{"userId":"2a012144-5790-42bf-a5ce-c35e032b4d77","_email":"programmingpyrubygo@gmail.com","_firstName":"Lucas","_lastName":"de Souza Gomes","globalRole":"global:owner","workflowId":"huq7KEz7x0gMfRfdErCYu","workflowName":"AI Process Optimizer v1"}}
{"__type":"$$EventMessageConfirm","confirm":"b53f12af-8597-4454-a3a7-17e7bd428b43","ts":"2026-01-23T12:55:37.420-05:00","source":{"id":"0","name":"eventBus"}}
{"__type":"$$EventMessageAudit","id":"8261c813-5927-41ee-bafc-e67f1941e071","ts":"2026-01-23T12:55:40.581-05:00","eventName":"n8n.audit.workflow.updated","message":"n8n.audit.workflow.updated","payload":{"userId":"2a012144-5790-42bf-a5ce-c35e032b4d77","_email":"programmingpyrubygo@gmail.com","_firstName":"Lucas","_lastName":"de Souza Gomes","globalRole":"global:owner","workflowId":"huq7KEz7x0gMfRfdErCYu","workflowName":"AI Process Optimizer v1"}}
{"__type":"$$EventMessageConfirm","confirm":"8261c813-5927-41ee-bafc-e67f1941e071","ts":"2026-01-23T12:55:40.581-05:00","source":{"id":"0","name":"eventBus"}}
{"__type":"$$EventMessageAudit","id":"ddfdec83-4145-4d0c-aea7-3390f7ef570b","ts":"2026-01-23T12:55:44.671-05:00","eventName":"n8n.audit.workflow.updated","message":"n8n.audit.workflow.updated","payload":{"userId":"2a012144-5790-42bf-a5ce-c35e032b4d77","_email":"programmingpyrubygo@gmail.com","_firstName":"Lucas","_lastName":"de Souza Gomes","globalRole":"global:owner","workflowId":"huq7KEz7x0gMfRfdErCYu","workflowName":"AI Process Optimizer v1"}}
{"__type":"$$EventMessageConfirm","confirm":"ddfdec83-4145-4d0c-aea7-3390f7ef570b","ts":"2026-01-23T12:55:44.671-05:00","source":{"id":"0","name":"eventBus"}}
{"__type":"$$EventMessageAudit","id":"5365e613-d2b2-4271-acf3-2fe91ed05458","ts":"2026-01-23T12:56:11.872-05:00","eventName":"n8n.audit.workflow.updated","message":"n8n.audit.workflow.updated","payload":{"userId":"2a012144-5790-42bf-a5ce-c35e032b4d77","_email":"programmingpyrubygo@gmail.com","_firstName":"Lucas","_lastName":"de Souza Gomes","globalRole":"global:owner","workflowId":"huq7KEz7x0gMfRfdErCYu","workflowName":"AI Process Optimizer v1"}}
{"__type":"$$EventMessageConfirm","confirm":"5365e613-d2b2-4271-acf3-2fe91ed05458","ts":"2026-01-23T12:56:11.872-05:00","source":{"id":"0","name":"eventBus"}}
{"__type":"$$EventMessageAudit","id":"a144d7b6-53a4-45c3-b4c9-412d4622b034","ts":"2026-01-23T12:58:31.332-05:00","eventName":"n8n.audit.workflow.updated","message":"n8n.audit.workflow.updated","payload":{"userId":"2a012144-5790-42bf-a5ce-c35e032b4d77","_email":"programmingpyrubygo@gmail.com","_firstName":"Lucas","_lastName":"de Souza Gomes","globalRole":"global:owner","workflowId":"huq7KEz7x0gMfRfdErCYu","workflowName":"AI Process Optimizer v1"}}
{"__type":"$$EventMessageConfirm","confirm":"a144d7b6-53a4-45c3-b4c9-412d4622b034","ts":"2026-01-23T12:58:31.332-05:00","source":{"id":"0","name":"eventBus"}}
{"__type":"$$EventMessageAudit","id":"0bd599a2-075e-43c0-bd00-6cd46eae3ee0","ts":"2026-01-23T12:59:21.521-05:00","eventName":"n8n.audit.workflow.updated","message":"n8n.audit.workflow.updated","payload":{"userId":"2a012144-5790-42bf-a5ce-c35e032b4d77","_email":"programmingpyrubygo@gmail.com","_firstName":"Lucas","_lastName":"de Souza Gomes","globalRole":"global:owner","workflowId":"huq7KEz7x0gMfRfdErCYu","workflowName":"AI Process Optimizer v1"}}
{"__type":"$$EventMessageConfirm","confirm":"0bd599a2-075e-43c0-bd00-6cd46eae3ee0","ts":"2026-01-23T12:59:21.522-05:00","source":{"id":"0","name":"eventBus"}}
{"__type":"$$EventMessageAudit","id":"0e75ea05-f861-4b9e-85ed-bd716808738b","ts":"2026-01-23T12:59:26.405-05:00","eventName":"n8n.audit.workflow.updated","message":"n8n.audit.workflow.updated","payload":{"userId":"2a012144-5790-42bf-a5ce-c35e032b4d77","_email":"programmingpyrubygo@gmail.com","_firstName":"Lucas","_lastName":"de Souza Gomes","globalRole":"global:owner","workflowId":"huq7KEz7x0gMfRfdErCYu","workflowName":"AI Process Optimizer v1"}}
{"__type":"$$EventMessageConfirm","confirm":"0e75ea05-f861-4b9e-85ed-bd716808738b","ts":"2026-01-23T12:59:26.406-05:00","source":{"id":"0","name":"eventBus"}}
{"__type":"$$EventMessageAudit","id":"138510dd-d2a0-4b70-bc33-c482d294160c","ts":"2026-01-23T12:59:36.292-05:00","eventName":"n8n.audit.workflow.updated","message":"n8n.audit.workflow.updated","payload":{"userId":"2a012144-5790-42bf-a5ce-c35e032b4d77","_email":"programmingpyrubygo@gmail.com","_firstName":"Lucas","_lastName":"de Souza Gomes","globalRole":"global:owner","workflowId":"huq7KEz7x0gMfRfdErCYu","workflowName":"AI Process Optimizer v1"}}
{"__type":"$$EventMessageConfirm","confirm":"138510dd-d2a0-4b70-bc33-c482d294160c","ts":"2026-01-23T12:59:36.293-05:00","source":{"id":"0","name":"eventBus"}}
{"__type":"$$EventMessageAudit","id":"b877dd75-d08a-4b38-bf8b-d6c0660e96c8","ts":"2026-01-23T12:59:38.737-05:00","eventName":"n8n.audit.workflow.updated","message":"n8n.audit.workflow.updated","payload":{"userId":"2a012144-5790-42bf-a5ce-c35e032b4d77","_email":"programmingpyrubygo@gmail.com","_firstName":"Lucas","_lastName":"de Souza Gomes","globalRole":"global:owner","workflowId":"huq7KEz7x0gMfRfdErCYu","workflowName":"AI Process Optimizer v1"}}
{"__type":"$$EventMessageConfirm","confirm":"b877dd75-d08a-4b38-bf8b-d6c0660e96c8","ts":"2026-01-23T12:59:38.737-05:00","source":{"id":"0","name":"eventBus"}}
{"__type":"$$EventMessageAudit","id":"037d5c27-ed94-47b0-85ad-b1d4e2a33c8b","ts":"2026-01-23T12:59:40.442-05:00","eventName":"n8n.audit.workflow.updated","message":"n8n.audit.workflow.updated","payload":{"userId":"2a012144-5790-42bf-a5ce-c35e032b4d77","_email":"programmingpyrubygo@gmail.com","_firstName":"Lucas","_lastName":"de Souza Gomes","globalRole":"global:owner","workflowId":"huq7KEz7x0gMfRfdErCYu","workflowName":"AI Process Optimizer v1"}}
{"__type":"$$EventMessageConfirm","confirm":"037d5c27-ed94-47b0-85ad-b1d4e2a33c8b","ts":"2026-01-23T12:59:40.443-05:00","source":{"id":"0","name":"eventBus"}}
{"__type":"$$EventMessageAudit","id":"66c098f6-2bdb-4b8b-904c-53de068ccfa7","ts":"2026-01-23T12:59:49.018-05:00","eventName":"n8n.audit.workflow.updated","message":"n8n.audit.workflow.updated","payload":{"userId":"2a012144-5790-42bf-a5ce-c35e032b4d77","_email":"programmingpyrubygo@gmail.com","_firstName":"Lucas","_lastName":"de Souza Gomes","globalRole":"global:owner","workflowId":"huq7KEz7x0gMfRfdErCYu","workflowName":"AI Process Optimizer v1"}}
{"__type":"$$EventMessageConfirm","confirm":"66c098f6-2bdb-4b8b-904c-53de068ccfa7","ts":"2026-01-23T12:59:49.019-05:00","source":{"id":"0","name":"eventBus"}}
{"__type":"$$EventMessageAudit","id":"5076bc37-d703-418d-850f-4d61b88ba78e","ts":"2026-01-23T12:59:51.115-05:00","eventName":"n8n.audit.workflow.updated","message":"n8n.audit.workflow.updated","payload":{"userId":"2a012144-5790-42bf-a5ce-c35e032b4d77","_email":"programmingpyrubygo@gmail.com","_firstName":"Lucas","_lastName":"de Souza Gomes","globalRole":"global:owner","workflowId":"huq7KEz7x0gMfRfdErCYu","workflowName":"AI Process Optimizer v1"}}
{"__type":"$$EventMessageConfirm","confirm":"5076bc37-d703-418d-850f-4d61b88ba78e","ts":"2026-01-23T12:59:51.115-05:00","source":{"id":"0","name":"eventBus"}}
{"__type":"$$EventMessageAudit","id":"3e40d996-ad8a-4368-a7b8-8998d66f0451","ts":"2026-01-23T12:59:54.422-05:00","eventName":"n8n.audit.workflow.updated","message":"n8n.audit.workflow.updated","payload":{"userId":"2a012144-5790-42bf-a5ce-c35e032b4d77","_email":"programmingpyrubygo@gmail.com","_firstName":"Lucas","_lastName":"de Souza Gomes","globalRole":"global:owner","workflowId":"huq7KEz7x0gMfRfdErCYu","workflowName":"AI Process Optimizer v1"}}
{"__type":"$$EventMessageConfirm","confirm":"3e40d996-ad8a-4368-a7b8-8998d66f0451","ts":"2026-01-23T12:59:54.422-05:00","source":{"id":"0","name":"eventBus"}}
{"__type":"$$EventMessageAudit","id":"a35896bd-10ce-4625-ab9d-609196d019dc","ts":"2026-01-23T13:00:06.636-05:00","eventName":"n8n.audit.workflow.updated","message":"n8n.audit.workflow.updated","payload":{"userId":"2a012144-5790-42bf-a5ce-c35e032b4d77","_email":"programmingpyrubygo@gmail.com","_firstName":"Lucas","_lastName":"de Souza Gomes","globalRole":"global:owner","workflowId":"huq7KEz7x0gMfRfdErCYu","workflowName":"AI Process Optimizer v1"}}
{"__type":"$$EventMessageConfirm","confirm":"a35896bd-10ce-4625-ab9d-609196d019dc","ts":"2026-01-23T13:00:06.636-05:00","source":{"id":"0","name":"eventBus"}}
{"__type":"$$EventMessageAudit","id":"4ac9d0b0-2711-4e9a-ba19-a4120dac8f91","ts":"2026-01-23T13:00:11.676-05:00","eventName":"n8n.audit.workflow.updated","message":"n8n.audit.workflow.updated","payload":{"userId":"2a012144-5790-42bf-a5ce-c35e032b4d77","_email":"programmingpyrubygo@gmail.com","_firstName":"Lucas","_lastName":"de Souza Gomes","globalRole":"global:owner","workflowId":"huq7KEz7x0gMfRfdErCYu","workflowName":"AI Process Optimizer v1"}}
{"__type":"$$EventMessageConfirm","confirm":"4ac9d0b0-2711-4e9a-ba19-a4120dac8f91","ts":"2026-01-23T13:00:11.676-05:00","source":{"id":"0","name":"eventBus"}}
{"__type":"$$EventMessageAudit","id":"2be3b37c-45eb-41eb-bd14-584fef8c8732","ts":"2026-01-23T13:00:13.498-05:00","eventName":"n8n.audit.workflow.updated","message":"n8n.audit.workflow.updated","payload":{"userId":"2a012144-5790-42bf-a5ce-c35e032b4d77","_email":"programmingpyrubygo@gmail.com","_firstName":"Lucas","_lastName":"de Souza Gomes","globalRole":"global:owner","workflowId":"huq7KEz7x0gMfRfdErCYu","workflowName":"AI Process Optimizer v1"}}
{"__type":"$$EventMessageConfirm","confirm":"2be3b37c-45eb-41eb-bd14-584fef8c8732","ts":"2026-01-23T13:00:13.498-05:00","source":{"id":"0","name":"eventBus"}}
{"__type":"$$EventMessageAudit","id":"8f7e6255-7dee-4c40-8d65-def6bf81a86a","ts":"2026-01-23T13:00:16.345-05:00","eventName":"n8n.audit.workflow.updated","message":"n8n.audit.workflow.updated","payload":{"userId":"2a012144-5790-42bf-a5ce-c35e032b4d77","_email":"programmingpyrubygo@gmail.com","_firstName":"Lucas","_lastName":"de Souza Gomes","globalRole":"global:owner","workflowId":"huq7KEz7x0gMfRfdErCYu","workflowName":"AI Process Optimizer v1"}}
{"__type":"$$EventMessageConfirm","confirm":"8f7e6255-7dee-4c40-8d65-def6bf81a86a","ts":"2026-01-23T13:00:16.346-05:00","source":{"id":"0","name":"eventBus"}}
{"__type":"$$EventMessageAudit","id":"e27c8a42-3e0a-4ace-b84a-67d03a2e8c30","ts":"2026-01-23T13:14:07.536-05:00","eventName":"n8n.audit.workflow.updated","message":"n8n.audit.workflow.updated","payload":{"userId":"2a012144-5790-42bf-a5ce-c35e032b4d77","_email":"programmingpyrubygo@gmail.com","_firstName":"Lucas","_lastName":"de Souza Gomes","globalRole":"global:owner","workflowId":"huq7KEz7x0gMfRfdErCYu","workflowName":"AI Process Optimizer v1"}}
{"__type":"$$EventMessageConfirm","confirm":"e27c8a42-3e0a-4ace-b84a-67d03a2e8c30","ts":"2026-01-23T13:14:07.536-05:00","source":{"id":"0","name":"eventBus"}}
{"__type":"$$EventMessageAudit","id":"3fc23bc1-c69c-459e-9a62-8cacdb8eaffb","ts":"2026-01-23T13:14:13.917-05:00","eventName":"n8n.audit.workflow.updated","message":"n8n.audit.workflow.updated","payload":{"userId":"2a012144-5790-42bf-a5ce-c35e032b4d77","_email":"programmingpyrubygo@gmail.com","_firstName":"Lucas","_lastName":"de Souza Gomes","globalRole":"global:owner","workflowId":"huq7KEz7x0gMfRfdErCYu","workflowName":"AI Process Optimizer v1"}}
{"__type":"$$EventMessageConfirm","confirm":"3fc23bc1-c69c-459e-9a62-8cacdb8eaffb","ts":"2026-01-23T13:14:13.917-05:00","source":{"id":"0","name":"eventBus"}}
{"__type":"$$EventMessageWorkflow","id":"30e38bcb-8b0f-4cef-b421-57df69770378","ts":"2026-01-23T13:21:58.520-05:00","eventName":"n8n.workflow.started","message":"n8n.workflow.started","payload":{"executionId":"6","workflowId":"huq7KEz7x0gMfRfdErCYu","isManual":false,"workflowName":"AI Process Optimizer v1"}}
{"__type":"$$EventMessageConfirm","confirm":"30e38bcb-8b0f-4cef-b421-57df69770378","ts":"2026-01-23T13:21:58.520-05:00","source":{"id":"0","name":"eventBus"}}
{"__type":"$$EventMessageAudit","id":"b113d2c2-f06d-4127-9414-96967a2ba39a","ts":"2026-01-23T13:21:58.521-05:00","eventName":"n8n.audit.workflow.executed","message":"n8n.audit.workflow.executed","payload":{"workflowId":"huq7KEz7x0gMfRfdErCYu","workflowName":"AI Process Optimizer v1","executionId":"6","source":"webhook"}}
{"__type":"$$EventMessageConfirm","confirm":"b113d2c2-f06d-4127-9414-96967a2ba39a","ts":"2026-01-23T13:21:58.521-05:00","source":{"id":"0","name":"eventBus"}}
{"__type":"$$EventMessageNode","id":"26f4126e-5bd6-4864-8c4a-e806a169a854","ts":"2026-01-23T13:21:58.522-05:00","eventName":"n8n.node.started","message":"n8n.node.started","payload":{"workflowId":"huq7KEz7x0gMfRfdErCYu","workflowName":"AI Process Optimizer v1","executionId":"6","nodeType":"n8n-nodes-base.webhook","nodeName":"Webhook1","nodeId":"edad836c-dfcd-4f20-a8c7-1849df114bc8"}}
{"__type":"$$EventMessageConfirm","confirm":"26f4126e-5bd6-4864-8c4a-e806a169a854","ts":"2026-01-23T13:21:58.522-05:00","source":{"id":"0","name":"eventBus"}}
{"__type":"$$EventMessageNode","id":"6dd070a3-2d9a-4fe5-b937-d14a62267e10","ts":"2026-01-23T13:21:58.525-05:00","eventName":"n8n.node.finished","message":"n8n.node.finished","payload":{"workflowId":"huq7KEz7x0gMfRfdErCYu","workflowName":"AI Process Optimizer v1","executionId":"6","nodeType":"n8n-nodes-base.webhook","nodeName":"Webhook1","nodeId":"edad836c-dfcd-4f20-a8c7-1849df114bc8"}}
{"__type":"$$EventMessageConfirm","confirm":"6dd070a3-2d9a-4fe5-b937-d14a62267e10","ts":"2026-01-23T13:21:58.526-05:00","source":{"id":"0","name":"eventBus"}}
{"__type":"$$EventMessageWorkflow","id":"8de56a08-076f-4ef6-9807-c941523bc907","ts":"2026-01-23T13:21:58.535-05:00","eventName":"n8n.workflow.success","message":"n8n.workflow.success","payload":{"executionId":"6","success":true,"isManual":true,"workflowId":"huq7KEz7x0gMfRfdErCYu","workflowName":"AI Process Optimizer v1"}}
{"__type":"$$EventMessageConfirm","confirm":"8de56a08-076f-4ef6-9807-c941523bc907","ts":"2026-01-23T13:21:58.535-05:00","source":{"id":"0","name":"eventBus"}}
{"__type":"$$EventMessageWorkflow","id":"27417916-c858-430f-abdf-3e8b0d9d62fd","ts":"2026-01-23T13:22:10.501-05:00","eventName":"n8n.workflow.started","message":"n8n.workflow.started","payload":{"executionId":"7","workflowId":"huq7KEz7x0gMfRfdErCYu","isManual":false,"workflowName":"AI Process Optimizer v1"}}
{"__type":"$$EventMessageConfirm","confirm":"27417916-c858-430f-abdf-3e8b0d9d62fd","ts":"2026-01-23T13:22:10.501-05:00","source":{"id":"0","name":"eventBus"}}
{"__type":"$$EventMessageAudit","id":"242cc507-60e5-4697-8438-878d86d20d13","ts":"2026-01-23T13:22:10.502-05:00","eventName":"n8n.audit.workflow.executed","message":"n8n.audit.workflow.executed","payload":{"userId":"2a012144-5790-42bf-a5ce-c35e032b4d77","_email":"programmingpyrubygo@gmail.com","_firstName":"Lucas","_lastName":"de Souza Gomes","globalRole":"global:owner","workflowId":"huq7KEz7x0gMfRfdErCYu","workflowName":"AI Process Optimizer v1","executionId":"7","source":"user-manual"}}
{"__type":"$$EventMessageConfirm","confirm":"242cc507-60e5-4697-8438-878d86d20d13","ts":"2026-01-23T13:22:10.502-05:00","source":{"id":"0","name":"eventBus"}}
{"__type":"$$EventMessageNode","id":"b6f7d0a9-ad17-443d-ac27-57cf6d20548a","ts":"2026-01-23T13:22:10.503-05:00","eventName":"n8n.node.started","message":"n8n.node.started","payload":{"workflowId":"huq7KEz7x0gMfRfdErCYu","workflowName":"AI Process Optimizer v1","executionId":"7","nodeType":"n8n-nodes-base.notion","nodeName":"Create a database page1","nodeId":"3e7118ec-f551-45ac-b159-c5004e664209"}}
{"__type":"$$EventMessageConfirm","confirm":"b6f7d0a9-ad17-443d-ac27-57cf6d20548a","ts":"2026-01-23T13:22:10.503-05:00","source":{"id":"0","name":"eventBus"}}
{"__type":"$$EventMessageNode","id":"49c4b692-37ee-41c1-931d-c6bc1d3d20ab","ts":"2026-01-23T13:22:12.240-05:00","eventName":"n8n.node.finished","message":"n8n.node.finished","payload":{"workflowId":"huq7KEz7x0gMfRfdErCYu","workflowName":"AI Process Optimizer v1","executionId":"7","nodeType":"n8n-nodes-base.notion","nodeName":"Create a database page1","nodeId":"3e7118ec-f551-45ac-b159-c5004e664209"}}
{"__type":"$$EventMessageConfirm","confirm":"49c4b692-37ee-41c1-931d-c6bc1d3d20ab","ts":"2026-01-23T13:22:12.241-05:00","source":{"id":"0","name":"eventBus"}}
{"__type":"$$EventMessageWorkflow","id":"77188d14-d8b0-410a-b910-e8b1c2bf1e6b","ts":"2026-01-23T13:22:12.244-05:00","eventName":"n8n.workflow.failed","message":"n8n.workflow.failed","payload":{"userId":"2a012144-5790-42bf-a5ce-c35e032b4d77","executionId":"7","success":false,"isManual":true,"workflowId":"huq7KEz7x0gMfRfdErCYu","workflowName":"AI Process Optimizer v1","lastNodeExecuted":"Create a database page1","errorNodeType":"n8n-nodes-base.notion","errorMessage":"Bad request - please check your parameters"}}
{"__type":"$$EventMessageConfirm","confirm":"77188d14-d8b0-410a-b910-e8b1c2bf1e6b","ts":"2026-01-23T13:22:12.244-05:00","source":{"id":"0","name":"eventBus"}}
{"__type":"$$EventMessageWorkflow","id":"ccd49bac-5b1f-4082-8d75-9f1fba61bb8a","ts":"2026-01-23T13:25:38.252-05:00","eventName":"n8n.workflow.started","message":"n8n.workflow.started","payload":{"executionId":"8","workflowId":"huq7KEz7x0gMfRfdErCYu","isManual":false,"workflowName":"AI Process Optimizer v1"}}
{"__type":"$$EventMessageConfirm","confirm":"ccd49bac-5b1f-4082-8d75-9f1fba61bb8a","ts":"2026-01-23T13:25:38.252-05:00","source":{"id":"0","name":"eventBus"}}
{"__type":"$$EventMessageAudit","id":"761347a1-233b-428e-b736-6f28f047ad47","ts":"2026-01-23T13:25:38.252-05:00","eventName":"n8n.audit.workflow.executed","message":"n8n.audit.workflow.executed","payload":{"workflowId":"huq7KEz7x0gMfRfdErCYu","workflowName":"AI Process Optimizer v1","executionId":"8","source":"webhook"}}
{"__type":"$$EventMessageConfirm","confirm":"761347a1-233b-428e-b736-6f28f047ad47","ts":"2026-01-23T13:25:38.252-05:00","source":{"id":"0","name":"eventBus"}}
{"__type":"$$EventMessageNode","id":"f6af5485-c02d-48c1-a4f4-62391e2c0e1b","ts":"2026-01-23T13:25:38.253-05:00","eventName":"n8n.node.started","message":"n8n.node.started","payload":{"workflowId":"huq7KEz7x0gMfRfdErCYu","workflowName":"AI Process Optimizer v1","executionId":"8","nodeType":"n8n-nodes-base.webhook","nodeName":"Webhook","nodeId":"8e0314ea-e9e8-41c1-bae8-6cafb4fb200a"}}
{"__type":"$$EventMessageConfirm","confirm":"f6af5485-c02d-48c1-a4f4-62391e2c0e1b","ts":"2026-01-23T13:25:38.253-05:00","source":{"id":"0","name":"eventBus"}}
{"__type":"$$EventMessageNode","id":"452faaba-5b38-4a93-b11b-9b64cf45cc2c","ts":"2026-01-23T13:25:38.253-05:00","eventName":"n8n.node.finished","message":"n8n.node.finished","payload":{"workflowId":"huq7KEz7x0gMfRfdErCYu","workflowName":"AI Process Optimizer v1","executionId":"8","nodeType":"n8n-nodes-base.webhook","nodeName":"Webhook","nodeId":"8e0314ea-e9e8-41c1-bae8-6cafb4fb200a"}}
{"__type":"$$EventMessageConfirm","confirm":"452faaba-5b38-4a93-b11b-9b64cf45cc2c","ts":"2026-01-23T13:25:38.253-05:00","source":{"id":"0","name":"eventBus"}}
{"__type":"$$EventMessageWorkflow","id":"5805358c-527d-45d2-b472-b384029b3286","ts":"2026-01-23T13:25:38.261-05:00","eventName":"n8n.workflow.success","message":"n8n.workflow.success","payload":{"executionId":"8","success":true,"isManual":true,"workflowId":"huq7KEz7x0gMfRfdErCYu","workflowName":"AI Process Optimizer v1"}}
{"__type":"$$EventMessageConfirm","confirm":"5805358c-527d-45d2-b472-b384029b3286","ts":"2026-01-23T13:25:38.261-05:00","source":{"id":"0","name":"eventBus"}}
{"__type":"$$EventMessageAudit","id":"3225bb9a-b6f2-44f7-9514-2cd84813b1d8","ts":"2026-01-23T13:26:24.875-05:00","eventName":"n8n.audit.workflow.updated","message":"n8n.audit.workflow.updated","payload":{"userId":"2a012144-5790-42bf-a5ce-c35e032b4d77","_email":"programmingpyrubygo@gmail.com","_firstName":"Lucas","_lastName":"de Souza Gomes","globalRole":"global:owner","workflowId":"huq7KEz7x0gMfRfdErCYu","workflowName":"AI Process Optimizer v1"}}
{"__type":"$$EventMessageConfirm","confirm":"3225bb9a-b6f2-44f7-9514-2cd84813b1d8","ts":"2026-01-23T13:26:24.875-05:00","source":{"id":"0","name":"eventBus"}}
{"__type":"$$EventMessageAudit","id":"5b9ca1ca-8301-41d8-9d98-f42aa7eff35e","ts":"2026-01-23T13:26:32.023-05:00","eventName":"n8n.audit.workflow.updated","message":"n8n.audit.workflow.updated","payload":{"userId":"2a012144-5790-42bf-a5ce-c35e032b4d77","_email":"programmingpyrubygo@gmail.com","_firstName":"Lucas","_lastName":"de Souza Gomes","globalRole":"global:owner","workflowId":"huq7KEz7x0gMfRfdErCYu","workflowName":"AI Process Optimizer v1"}}
{"__type":"$$EventMessageConfirm","confirm":"5b9ca1ca-8301-41d8-9d98-f42aa7eff35e","ts":"2026-01-23T13:26:32.023-05:00","source":{"id":"0","name":"eventBus"}}
{"__type":"$$EventMessageAudit","id":"61037eec-9806-4fb0-96aa-ae5a5a383aaf","ts":"2026-01-23T13:26:34.738-05:00","eventName":"n8n.audit.workflow.updated","message":"n8n.audit.workflow.updated","payload":{"userId":"2a012144-5790-42bf-a5ce-c35e032b4d77","_email":"programmingpyrubygo@gmail.com","_firstName":"Lucas","_lastName":"de Souza Gomes","globalRole":"global:owner","workflowId":"huq7KEz7x0gMfRfdErCYu","workflowName":"AI Process Optimizer v1"}}
{"__type":"$$EventMessageConfirm","confirm":"61037eec-9806-4fb0-96aa-ae5a5a383aaf","ts":"2026-01-23T13:26:34.738-05:00","source":{"id":"0","name":"eventBus"}}
{"__type":"$$EventMessageAudit","id":"476e7d34-30e7-40ea-816e-e49d9ceee688","ts":"2026-01-23T13:26:40.208-05:00","eventName":"n8n.audit.workflow.updated","message":"n8n.audit.workflow.updated","payload":{"userId":"2a012144-5790-42bf-a5ce-c35e032b4d77","_email":"programmingpyrubygo@gmail.com","_firstName":"Lucas","_lastName":"de Souza Gomes","globalRole":"global:owner","workflowId":"huq7KEz7x0gMfRfdErCYu","workflowName":"AI Process Optimizer v1"}}
{"__type":"$$EventMessageConfirm","confirm":"476e7d34-30e7-40ea-816e-e49d9ceee688","ts":"2026-01-23T13:26:40.209-05:00","source":{"id":"0","name":"eventBus"}}
{"__type":"$$EventMessageAudit","id":"1111f2d9-7731-4622-b3b7-fdb637baac64","ts":"2026-01-23T13:26:45.810-05:00","eventName":"n8n.audit.workflow.updated","message":"n8n.audit.workflow.updated","payload":{"userId":"2a012144-5790-42bf-a5ce-c35e032b4d77","_email":"programmingpyrubygo@gmail.com","_firstName":"Lucas","_lastName":"de Souza Gomes","globalRole":"global:owner","workflowId":"huq7KEz7x0gMfRfdErCYu","workflowName":"AI Process Optimizer v1"}}
{"__type":"$$EventMessageConfirm","confirm":"1111f2d9-7731-4622-b3b7-fdb637baac64","ts":"2026-01-23T13:26:45.811-05:00","source":{"id":"0","name":"eventBus"}}
{"__type":"$$EventMessageAudit","id":"0497d6eb-3dbe-4b34-b2c9-2aeed06f3b31","ts":"2026-01-23T13:27:00.333-05:00","eventName":"n8n.audit.workflow.updated","message":"n8n.audit.workflow.updated","payload":{"userId":"2a012144-5790-42bf-a5ce-c35e032b4d77","_email":"programmingpyrubygo@gmail.com","_firstName":"Lucas","_lastName":"de Souza Gomes","globalRole":"global:owner","workflowId":"huq7KEz7x0gMfRfdErCYu","workflowName":"AI Process Optimizer v1"}}
{"__type":"$$EventMessageConfirm","confirm":"0497d6eb-3dbe-4b34-b2c9-2aeed06f3b31","ts":"2026-01-23T13:27:00.333-05:00","source":{"id":"0","name":"eventBus"}}
{"__type":"$$EventMessageAudit","id":"31d64237-ead7-4680-861f-9171f3d97293","ts":"2026-01-23T13:27:02.796-05:00","eventName":"n8n.audit.workflow.updated","message":"n8n.audit.workflow.updated","payload":{"userId":"2a012144-5790-42bf-a5ce-c35e032b4d77","_email":"programmingpyrubygo@gmail.com","_firstName":"Lucas","_lastName":"de Souza Gomes","globalRole":"global:owner","workflowId":"huq7KEz7x0gMfRfdErCYu","workflowName":"AI Process Optimizer v1"}}
{"__type":"$$EventMessageConfirm","confirm":"31d64237-ead7-4680-861f-9171f3d97293","ts":"2026-01-23T13:27:02.796-05:00","source":{"id":"0","name":"eventBus"}}
{"__type":"$$EventMessageWorkflow","id":"b18a7557-67c5-4a1c-8627-63b19f6852b1","ts":"2026-01-23T13:27:38.795-05:00","eventName":"n8n.workflow.started","message":"n8n.workflow.started","payload":{"executionId":"9","workflowId":"huq7KEz7x0gMfRfdErCYu","isManual":false,"workflowName":"AI Process Optimizer v1"}}
{"__type":"$$EventMessageConfirm","confirm":"b18a7557-67c5-4a1c-8627-63b19f6852b1","ts":"2026-01-23T13:27:38.796-05:00","source":{"id":"0","name":"eventBus"}}
{"__type":"$$EventMessageAudit","id":"7595e0f9-3183-4018-a75a-61fc7fde4e03","ts":"2026-01-23T13:27:38.796-05:00","eventName":"n8n.audit.workflow.executed","message":"n8n.audit.workflow.executed","payload":{"workflowId":"huq7KEz7x0gMfRfdErCYu","workflowName":"AI Process Optimizer v1","executionId":"9","source":"webhook"}}
{"__type":"$$EventMessageConfirm","confirm":"7595e0f9-3183-4018-a75a-61fc7fde4e03","ts":"2026-01-23T13:27:38.796-05:00","source":{"id":"0","name":"eventBus"}}
{"__type":"$$EventMessageNode","id":"c0420fce-a3e0-4644-b909-dd1d51b5e52a","ts":"2026-01-23T13:27:38.797-05:00","eventName":"n8n.node.started","message":"n8n.node.started","payload":{"workflowId":"huq7KEz7x0gMfRfdErCYu","workflowName":"AI Process Optimizer v1","executionId":"9","nodeType":"n8n-nodes-base.webhook","nodeName":"Webhook1","nodeId":"edad836c-dfcd-4f20-a8c7-1849df114bc8"}}
{"__type":"$$EventMessageConfirm","confirm":"c0420fce-a3e0-4644-b909-dd1d51b5e52a","ts":"2026-01-23T13:27:38.797-05:00","source":{"id":"0","name":"eventBus"}}
{"__type":"$$EventMessageNode","id":"10271ac2-323d-409b-ba6f-db5736da5416","ts":"2026-01-23T13:27:38.798-05:00","eventName":"n8n.node.finished","message":"n8n.node.finished","payload":{"workflowId":"huq7KEz7x0gMfRfdErCYu","workflowName":"AI Process Optimizer v1","executionId":"9","nodeType":"n8n-nodes-base.webhook","nodeName":"Webhook1","nodeId":"edad836c-dfcd-4f20-a8c7-1849df114bc8"}}
{"__type":"$$EventMessageConfirm","confirm":"10271ac2-323d-409b-ba6f-db5736da5416","ts":"2026-01-23T13:27:38.798-05:00","source":{"id":"0","name":"eventBus"}}
{"__type":"$$EventMessageWorkflow","id":"fcbe88cf-8d11-472e-93e6-85de0a2412d6","ts":"2026-01-23T13:27:38.804-05:00","eventName":"n8n.workflow.success","message":"n8n.workflow.success","payload":{"executionId":"9","success":true,"isManual":true,"workflowId":"huq7KEz7x0gMfRfdErCYu","workflowName":"AI Process Optimizer v1"}}
{"__type":"$$EventMessageConfirm","confirm":"fcbe88cf-8d11-472e-93e6-85de0a2412d6","ts":"2026-01-23T13:27:38.804-05:00","source":{"id":"0","name":"eventBus"}}
{"__type":"$$EventMessageWorkflow","id":"8f0b95ac-60ff-4113-a5d5-23ae694ed8fb","ts":"2026-01-23T13:28:25.890-05:00","eventName":"n8n.workflow.started","message":"n8n.workflow.started","payload":{"executionId":"10","workflowId":"huq7KEz7x0gMfRfdErCYu","isManual":false,"workflowName":"AI Process Optimizer v1"}}
{"__type":"$$EventMessageConfirm","confirm":"8f0b95ac-60ff-4113-a5d5-23ae694ed8fb","ts":"2026-01-23T13:28:25.890-05:00","source":{"id":"0","name":"eventBus"}}
{"__type":"$$EventMessageAudit","id":"569f4751-e8c7-4fc8-9242-ae7891036243","ts":"2026-01-23T13:28:25.890-05:00","eventName":"n8n.audit.workflow.executed","message":"n8n.audit.workflow.executed","payload":{"userId":"2a012144-5790-42bf-a5ce-c35e032b4d77","_email":"programmingpyrubygo@gmail.com","_firstName":"Lucas","_lastName":"de Souza Gomes","globalRole":"global:owner","workflowId":"huq7KEz7x0gMfRfdErCYu","workflowName":"AI Process Optimizer v1","executionId":"10","source":"user-manual"}}
{"__type":"$$EventMessageConfirm","confirm":"569f4751-e8c7-4fc8-9242-ae7891036243","ts":"2026-01-23T13:28:25.890-05:00","source":{"id":"0","name":"eventBus"}}
{"__type":"$$EventMessageNode","id":"2422d9d7-3d2c-440e-832d-64cd1793372f","ts":"2026-01-23T13:28:25.891-05:00","eventName":"n8n.node.started","message":"n8n.node.started","payload":{"workflowId":"huq7KEz7x0gMfRfdErCYu","workflowName":"AI Process Optimizer v1","executionId":"10","nodeType":"n8n-nodes-base.notion","nodeName":"Create a database page1","nodeId":"3e7118ec-f551-45ac-b159-c5004e664209"}}
{"__type":"$$EventMessageConfirm","confirm":"2422d9d7-3d2c-440e-832d-64cd1793372f","ts":"2026-01-23T13:28:25.892-05:00","source":{"id":"0","name":"eventBus"}}
{"__type":"$$EventMessageAudit","id":"b0d6e3f2-1e67-496a-a776-28842aa807d4","ts":"2026-01-23T13:28:26.447-05:00","eventName":"n8n.audit.workflow.updated","message":"n8n.audit.workflow.updated","payload":{"userId":"2a012144-5790-42bf-a5ce-c35e032b4d77","_email":"programmingpyrubygo@gmail.com","_firstName":"Lucas","_lastName":"de Souza Gomes","globalRole":"global:owner","workflowId":"huq7KEz7x0gMfRfdErCYu","workflowName":"AI Process Optimizer v1"}}
{"__type":"$$EventMessageConfirm","confirm":"b0d6e3f2-1e67-496a-a776-28842aa807d4","ts":"2026-01-23T13:28:26.448-05:00","source":{"id":"0","name":"eventBus"}}
{"__type":"$$EventMessageNode","id":"9ded0ad2-03fb-4b7a-9ad7-d9541ed0e7ba","ts":"2026-01-23T13:28:26.680-05:00","eventName":"n8n.node.finished","message":"n8n.node.finished","payload":{"workflowId":"huq7KEz7x0gMfRfdErCYu","workflowName":"AI Process Optimizer v1","executionId":"10","nodeType":"n8n-nodes-base.notion","nodeName":"Create a database page1","nodeId":"3e7118ec-f551-45ac-b159-c5004e664209"}}
{"__type":"$$EventMessageConfirm","confirm":"9ded0ad2-03fb-4b7a-9ad7-d9541ed0e7ba","ts":"2026-01-23T13:28:26.680-05:00","source":{"id":"0","name":"eventBus"}}
{"__type":"$$EventMessageWorkflow","id":"99b80184-05d0-4988-a5e9-e1ee116ce3ac","ts":"2026-01-23T13:28:26.684-05:00","eventName":"n8n.workflow.failed","message":"n8n.workflow.failed","payload":{"userId":"2a012144-5790-42bf-a5ce-c35e032b4d77","executionId":"10","success":false,"isManual":true,"workflowId":"huq7KEz7x0gMfRfdErCYu","workflowName":"AI Process Optimizer v1","lastNodeExecuted":"Create a database page1","errorNodeType":"n8n-nodes-base.notion","errorMessage":"Bad request - please check your parameters"}}
{"__type":"$$EventMessageConfirm","confirm":"99b80184-05d0-4988-a5e9-e1ee116ce3ac","ts":"2026-01-23T13:28:26.684-05:00","source":{"id":"0","name":"eventBus"}}
{"__type":"$$EventMessageAudit","id":"3372b514-27f3-4645-b2a5-846dc9203de1","ts":"2026-01-23T13:30:17.138-05:00","eventName":"n8n.audit.workflow.updated","message":"n8n.audit.workflow.updated","payload":{"userId":"2a012144-5790-42bf-a5ce-c35e032b4d77","_email":"programmingpyrubygo@gmail.com","_firstName":"Lucas","_lastName":"de Souza Gomes","globalRole":"global:owner","workflowId":"huq7KEz7x0gMfRfdErCYu","workflowName":"AI Process Optimizer v1"}}
{"__type":"$$EventMessageConfirm","confirm":"3372b514-27f3-4645-b2a5-846dc9203de1","ts":"2026-01-23T13:30:17.139-05:00","source":{"id":"0","name":"eventBus"}}
{"__type":"$$EventMessageAudit","id":"97b1c8c7-3695-4153-94a5-f2526f8bce8a","ts":"2026-01-23T13:30:20.376-05:00","eventName":"n8n.audit.workflow.updated","message":"n8n.audit.workflow.updated","payload":{"userId":"2a012144-5790-42bf-a5ce-c35e032b4d77","_email":"programmingpyrubygo@gmail.com","_firstName":"Lucas","_lastName":"de Souza Gomes","globalRole":"global:owner","workflowId":"huq7KEz7x0gMfRfdErCYu","workflowName":"AI Process Optimizer v1"}}
{"__type":"$$EventMessageConfirm","confirm":"97b1c8c7-3695-4153-94a5-f2526f8bce8a","ts":"2026-01-23T13:30:20.377-05:00","source":{"id":"0","name":"eventBus"}}
{"__type":"$$EventMessageAudit","id":"fc0e6ecc-5fde-4214-83c9-6acbfd468c66","ts":"2026-01-23T13:30:24.553-05:00","eventName":"n8n.audit.workflow.updated","message":"n8n.audit.workflow.updated","payload":{"userId":"2a012144-5790-42bf-a5ce-c35e032b4d77","_email":"programmingpyrubygo@gmail.com","_firstName":"Lucas","_lastName":"de Souza Gomes","globalRole":"global:owner","workflowId":"huq7KEz7x0gMfRfdErCYu","workflowName":"AI Process Optimizer v1"}}
{"__type":"$$EventMessageConfirm","confirm":"fc0e6ecc-5fde-4214-83c9-6acbfd468c66","ts":"2026-01-23T13:30:24.553-05:00","source":{"id":"0","name":"eventBus"}}
{"__type":"$$EventMessageAudit","id":"044c6390-3311-475e-9fcb-a6e1867c22cc","ts":"2026-01-23T13:30:28.685-05:00","eventName":"n8n.audit.workflow.updated","message":"n8n.audit.workflow.updated","payload":{"userId":"2a012144-5790-42bf-a5ce-c35e032b4d77","_email":"programmingpyrubygo@gmail.com","_firstName":"Lucas","_lastName":"de Souza Gomes","globalRole":"global:owner","workflowId":"huq7KEz7x0gMfRfdErCYu","workflowName":"AI Process Optimizer v1"}}
{"__type":"$$EventMessageConfirm","confirm":"044c6390-3311-475e-9fcb-a6e1867c22cc","ts":"2026-01-23T13:30:28.685-05:00","source":{"id":"0","name":"eventBus"}}
{"__type":"$$EventMessageAudit","id":"094f293c-2189-427b-88be-2c5dd0bc8901","ts":"2026-01-23T13:32:14.248-05:00","eventName":"n8n.audit.workflow.updated","message":"n8n.audit.workflow.updated","payload":{"userId":"2a012144-5790-42bf-a5ce-c35e032b4d77","_email":"programmingpyrubygo@gmail.com","_firstName":"Lucas","_lastName":"de Souza Gomes","globalRole":"global:owner","workflowId":"huq7KEz7x0gMfRfdErCYu","workflowName":"AI Process Optimizer v1"}}
{"__type":"$$EventMessageConfirm","confirm":"094f293c-2189-427b-88be-2c5dd0bc8901","ts":"2026-01-23T13:32:14.249-05:00","source":{"id":"0","name":"eventBus"}}
{"__type":"$$EventMessageAudit","id":"763c4ea3-11df-4c8a-8bb5-49226c3823c9","ts":"2026-01-23T13:32:30.335-05:00","eventName":"n8n.audit.workflow.updated","message":"n8n.audit.workflow.updated","payload":{"userId":"2a012144-5790-42bf-a5ce-c35e032b4d77","_email":"programmingpyrubygo@gmail.com","_firstName":"Lucas","_lastName":"de Souza Gomes","globalRole":"global:owner","workflowId":"huq7KEz7x0gMfRfdErCYu","workflowName":"AI Process Optimizer v1"}}
{"__type":"$$EventMessageConfirm","confirm":"763c4ea3-11df-4c8a-8bb5-49226c3823c9","ts":"2026-01-23T13:32:30.335-05:00","source":{"id":"0","name":"eventBus"}}
{"__type":"$$EventMessageAudit","id":"9e3ae081-1962-4b82-be4c-cf3e754c3c22","ts":"2026-01-23T13:32:33.706-05:00","eventName":"n8n.audit.workflow.updated","message":"n8n.audit.workflow.updated","payload":{"userId":"2a012144-5790-42bf-a5ce-c35e032b4d77","_email":"programmingpyrubygo@gmail.com","_firstName":"Lucas","_lastName":"de Souza Gomes","globalRole":"global:owner","workflowId":"huq7KEz7x0gMfRfdErCYu","workflowName":"AI Process Optimizer v1"}}
{"__type":"$$EventMessageConfirm","confirm":"9e3ae081-1962-4b82-be4c-cf3e754c3c22","ts":"2026-01-23T13:32:33.706-05:00","source":{"id":"0","name":"eventBus"}}
{"__type":"$$EventMessageAudit","id":"ec51b957-16c9-40e7-a663-c95298afcc0e","ts":"2026-01-23T13:32:51.605-05:00","eventName":"n8n.audit.workflow.updated","message":"n8n.audit.workflow.updated","payload":{"userId":"2a012144-5790-42bf-a5ce-c35e032b4d77","_email":"programmingpyrubygo@gmail.com","_firstName":"Lucas","_lastName":"de Souza Gomes","globalRole":"global:owner","workflowId":"huq7KEz7x0gMfRfdErCYu","workflowName":"AI Process Optimizer v1"}}
{"__type":"$$EventMessageConfirm","confirm":"ec51b957-16c9-40e7-a663-c95298afcc0e","ts":"2026-01-23T13:32:51.605-05:00","source":{"id":"0","name":"eventBus"}}
{"__type":"$$EventMessageWorkflow","id":"1ff90972-c839-4ea4-8703-d67fc1baa80e","ts":"2026-01-23T13:32:51.831-05:00","eventName":"n8n.workflow.started","message":"n8n.workflow.started","payload":{"executionId":"11","workflowId":"huq7KEz7x0gMfRfdErCYu","isManual":false,"workflowName":"AI Process Optimizer v1"}}
{"__type":"$$EventMessageConfirm","confirm":"1ff90972-c839-4ea4-8703-d67fc1baa80e","ts":"2026-01-23T13:32:51.831-05:00","source":{"id":"0","name":"eventBus"}}
{"__type":"$$EventMessageAudit","id":"b429d082-d21e-4fd8-9add-7ddd98f42051","ts":"2026-01-23T13:32:51.832-05:00","eventName":"n8n.audit.workflow.executed","message":"n8n.audit.workflow.executed","payload":{"userId":"2a012144-5790-42bf-a5ce-c35e032b4d77","_email":"programmingpyrubygo@gmail.com","_firstName":"Lucas","_lastName":"de Souza Gomes","globalRole":"global:owner","workflowId":"huq7KEz7x0gMfRfdErCYu","workflowName":"AI Process Optimizer v1","executionId":"11","source":"user-manual"}}
{"__type":"$$EventMessageConfirm","confirm":"b429d082-d21e-4fd8-9add-7ddd98f42051","ts":"2026-01-23T13:32:51.832-05:00","source":{"id":"0","name":"eventBus"}}
{"__type":"$$EventMessageNode","id":"92f26404-42cd-4d1f-9e1a-5f900002d6d3","ts":"2026-01-23T13:32:51.833-05:00","eventName":"n8n.node.started","message":"n8n.node.started","payload":{"workflowId":"huq7KEz7x0gMfRfdErCYu","workflowName":"AI Process Optimizer v1","executionId":"11","nodeType":"n8n-nodes-base.notion","nodeName":"Create a database page1","nodeId":"3e7118ec-f551-45ac-b159-c5004e664209"}}
{"__type":"$$EventMessageConfirm","confirm":"92f26404-42cd-4d1f-9e1a-5f900002d6d3","ts":"2026-01-23T13:32:51.833-05:00","source":{"id":"0","name":"eventBus"}}
{"__type":"$$EventMessageNode","id":"0dd788a2-0709-464c-ab23-ecae1489e2ca","ts":"2026-01-23T13:32:52.731-05:00","eventName":"n8n.node.finished","message":"n8n.node.finished","payload":{"workflowId":"huq7KEz7x0gMfRfdErCYu","workflowName":"AI Process Optimizer v1","executionId":"11","nodeType":"n8n-nodes-base.notion","nodeName":"Create a database page1","nodeId":"3e7118ec-f551-45ac-b159-c5004e664209"}}
{"__type":"$$EventMessageConfirm","confirm":"0dd788a2-0709-464c-ab23-ecae1489e2ca","ts":"2026-01-23T13:32:52.732-05:00","source":{"id":"0","name":"eventBus"}}
{"__type":"$$EventMessageWorkflow","id":"7f7f6c50-0ebc-4c4f-9235-14f19cde2b5a","ts":"2026-01-23T13:32:52.734-05:00","eventName":"n8n.workflow.failed","message":"n8n.workflow.failed","payload":{"userId":"2a012144-5790-42bf-a5ce-c35e032b4d77","executionId":"11","success":false,"isManual":true,"workflowId":"huq7KEz7x0gMfRfdErCYu","workflowName":"AI Process Optimizer v1","lastNodeExecuted":"Create a database page1","errorNodeType":"n8n-nodes-base.notion","errorMessage":"Bad request - please check your parameters"}}
{"__type":"$$EventMessageConfirm","confirm":"7f7f6c50-0ebc-4c4f-9235-14f19cde2b5a","ts":"2026-01-23T13:32:52.734-05:00","source":{"id":"0","name":"eventBus"}}
{"__type":"$$EventMessageAudit","id":"664d1d85-c272-4476-b213-ed9808896584","ts":"2026-01-23T13:33:26.771-05:00","eventName":"n8n.audit.workflow.updated","message":"n8n.audit.workflow.updated","payload":{"userId":"2a012144-5790-42bf-a5ce-c35e032b4d77","_email":"programmingpyrubygo@gmail.com","_firstName":"Lucas","_lastName":"de Souza Gomes","globalRole":"global:owner","workflowId":"huq7KEz7x0gMfRfdErCYu","workflowName":"AI Process Optimizer v1"}}
{"__type":"$$EventMessageConfirm","confirm":"664d1d85-c272-4476-b213-ed9808896584","ts":"2026-01-23T13:33:26.771-05:00","source":{"id":"0","name":"eventBus"}}
{"__type":"$$EventMessageWorkflow","id":"69d2c7c0-c147-4c4d-8455-ea8b23920ddf","ts":"2026-01-23T13:34:01.113-05:00","eventName":"n8n.workflow.started","message":"n8n.workflow.started","payload":{"executionId":"12","workflowId":"huq7KEz7x0gMfRfdErCYu","isManual":false,"workflowName":"AI Process Optimizer v1"}}
{"__type":"$$EventMessageConfirm","confirm":"69d2c7c0-c147-4c4d-8455-ea8b23920ddf","ts":"2026-01-23T13:34:01.113-05:00","source":{"id":"0","name":"eventBus"}}
{"__type":"$$EventMessageAudit","id":"86453f8c-0602-483b-9936-a0ab8768864c","ts":"2026-01-23T13:34:01.113-05:00","eventName":"n8n.audit.workflow.executed","message":"n8n.audit.workflow.executed","payload":{"workflowId":"huq7KEz7x0gMfRfdErCYu","workflowName":"AI Process Optimizer v1","executionId":"12","source":"webhook"}}
{"__type":"$$EventMessageConfirm","confirm":"86453f8c-0602-483b-9936-a0ab8768864c","ts":"2026-01-23T13:34:01.113-05:00","source":{"id":"0","name":"eventBus"}}
{"__type":"$$EventMessageNode","id":"3bf9c05f-981d-404b-aa8b-9d0bea57ab9d","ts":"2026-01-23T13:34:01.114-05:00","eventName":"n8n.node.started","message":"n8n.node.started","payload":{"workflowId":"huq7KEz7x0gMfRfdErCYu","workflowName":"AI Process Optimizer v1","executionId":"12","nodeType":"n8n-nodes-base.webhook","nodeName":"Webhook1","nodeId":"edad836c-dfcd-4f20-a8c7-1849df114bc8"}}
{"__type":"$$EventMessageConfirm","confirm":"3bf9c05f-981d-404b-aa8b-9d0bea57ab9d","ts":"2026-01-23T13:34:01.114-05:00","source":{"id":"0","name":"eventBus"}}
{"__type":"$$EventMessageNode","id":"b478cc52-1bf9-474e-b4df-d652308686ac","ts":"2026-01-23T13:34:01.115-05:00","eventName":"n8n.node.finished","message":"n8n.node.finished","payload":{"workflowId":"huq7KEz7x0gMfRfdErCYu","workflowName":"AI Process Optimizer v1","executionId":"12","nodeType":"n8n-nodes-base.webhook","nodeName":"Webhook1","nodeId":"edad836c-dfcd-4f20-a8c7-1849df114bc8"}}
{"__type":"$$EventMessageConfirm","confirm":"b478cc52-1bf9-474e-b4df-d652308686ac","ts":"2026-01-23T13:34:01.115-05:00","source":{"id":"0","name":"eventBus"}}
{"__type":"$$EventMessageWorkflow","id":"fef8e294-3b00-4ced-8579-8a42abbff772","ts":"2026-01-23T13:34:01.120-05:00","eventName":"n8n.workflow.success","message":"n8n.workflow.success","payload":{"executionId":"12","success":true,"isManual":true,"workflowId":"huq7KEz7x0gMfRfdErCYu","workflowName":"AI Process Optimizer v1"}}
{"__type":"$$EventMessageConfirm","confirm":"fef8e294-3b00-4ced-8579-8a42abbff772","ts":"2026-01-23T13:34:01.120-05:00","source":{"id":"0","name":"eventBus"}}
{"__type":"$$EventMessageAudit","id":"50af048e-48c2-42a5-ae17-c00b99b2ce3e","ts":"2026-01-23T13:34:20.722-05:00","eventName":"n8n.audit.workflow.updated","message":"n8n.audit.workflow.updated","payload":{"userId":"2a012144-5790-42bf-a5ce-c35e032b4d77","_email":"programmingpyrubygo@gmail.com","_firstName":"Lucas","_lastName":"de Souza Gomes","globalRole":"global:owner","workflowId":"huq7KEz7x0gMfRfdErCYu","workflowName":"AI Process Optimizer v1"}}
{"__type":"$$EventMessageConfirm","confirm":"50af048e-48c2-42a5-ae17-c00b99b2ce3e","ts":"2026-01-23T13:34:20.723-05:00","source":{"id":"0","name":"eventBus"}}
{"__type":"$$EventMessageAudit","id":"7339d2cd-8511-4379-9db5-eb46d7ac0597","ts":"2026-01-23T13:34:22.380-05:00","eventName":"n8n.audit.workflow.updated","message":"n8n.audit.workflow.updated","payload":{"userId":"2a012144-5790-42bf-a5ce-c35e032b4d77","_email":"programmingpyrubygo@gmail.com","_firstName":"Lucas","_lastName":"de Souza Gomes","globalRole":"global:owner","workflowId":"huq7KEz7x0gMfRfdErCYu","workflowName":"AI Process Optimizer v1"}}
{"__type":"$$EventMessageConfirm","confirm":"7339d2cd-8511-4379-9db5-eb46d7ac0597","ts":"2026-01-23T13:34:22.380-05:00","source":{"id":"0","name":"eventBus"}}
{"__type":"$$EventMessageAudit","id":"7d3aac19-bac7-4ddd-9633-11cef56c81be","ts":"2026-01-23T13:34:32.347-05:00","eventName":"n8n.audit.workflow.updated","message":"n8n.audit.workflow.updated","payload":{"userId":"2a012144-5790-42bf-a5ce-c35e032b4d77","_email":"programmingpyrubygo@gmail.com","_firstName":"Lucas","_lastName":"de Souza Gomes","globalRole":"global:owner","workflowId":"huq7KEz7x0gMfRfdErCYu","workflowName":"AI Process Optimizer v1"}}
{"__type":"$$EventMessageConfirm","confirm":"7d3aac19-bac7-4ddd-9633-11cef56c81be","ts":"2026-01-23T13:34:32.347-05:00","source":{"id":"0","name":"eventBus"}}
{"__type":"$$EventMessageAudit","id":"745b85c5-8cca-4f5c-afe3-0db8cc5831a1","ts":"2026-01-23T13:34:33.945-05:00","eventName":"n8n.audit.workflow.updated","message":"n8n.audit.workflow.updated","payload":{"userId":"2a012144-5790-42bf-a5ce-c35e032b4d77","_email":"programmingpyrubygo@gmail.com","_firstName":"Lucas","_lastName":"de Souza Gomes","globalRole":"global:owner","workflowId":"huq7KEz7x0gMfRfdErCYu","workflowName":"AI Process Optimizer v1"}}
{"__type":"$$EventMessageConfirm","confirm":"745b85c5-8cca-4f5c-afe3-0db8cc5831a1","ts":"2026-01-23T13:34:33.945-05:00","source":{"id":"0","name":"eventBus"}}
{"__type":"$$EventMessageAudit","id":"0f9bbc66-3f64-4cf8-8b0b-b0ece88b2ad8","ts":"2026-01-23T13:34:42.121-05:00","eventName":"n8n.audit.workflow.updated","message":"n8n.audit.workflow.updated","payload":{"userId":"2a012144-5790-42bf-a5ce-c35e032b4d77","_email":"programmingpyrubygo@gmail.com","_firstName":"Lucas","_lastName":"de Souza Gomes","globalRole":"global:owner","workflowId":"huq7KEz7x0gMfRfdErCYu","workflowName":"AI Process Optimizer v1"}}
{"__type":"$$EventMessageConfirm","confirm":"0f9bbc66-3f64-4cf8-8b0b-b0ece88b2ad8","ts":"2026-01-23T13:34:42.121-05:00","source":{"id":"0","name":"eventBus"}}
{"__type":"$$EventMessageAudit","id":"2031e5e3-9a66-467f-9dc3-8267050d6856","ts":"2026-01-23T13:34:45.368-05:00","eventName":"n8n.audit.workflow.updated","message":"n8n.audit.workflow.updated","payload":{"userId":"2a012144-5790-42bf-a5ce-c35e032b4d77","_email":"programmingpyrubygo@gmail.com","_firstName":"Lucas","_lastName":"de Souza Gomes","globalRole":"global:owner","workflowId":"huq7KEz7x0gMfRfdErCYu","workflowName":"AI Process Optimizer v1"}}
{"__type":"$$EventMessageConfirm","confirm":"2031e5e3-9a66-467f-9dc3-8267050d6856","ts":"2026-01-23T13:34:45.369-05:00","source":{"id":"0","name":"eventBus"}}
{"__type":"$$EventMessageAudit","id":"ce54b06d-45be-4bd8-8073-de1e91b350b8","ts":"2026-01-23T13:34:52.119-05:00","eventName":"n8n.audit.workflow.updated","message":"n8n.audit.workflow.updated","payload":{"userId":"2a012144-5790-42bf-a5ce-c35e032b4d77","_email":"programmingpyrubygo@gmail.com","_firstName":"Lucas","_lastName":"de Souza Gomes","globalRole":"global:owner","workflowId":"huq7KEz7x0gMfRfdErCYu","workflowName":"AI Process Optimizer v1"}}
{"__type":"$$EventMessageConfirm","confirm":"ce54b06d-45be-4bd8-8073-de1e91b350b8","ts":"2026-01-23T13:34:52.119-05:00","source":{"id":"0","name":"eventBus"}}
{"__type":"$$EventMessageAudit","id":"608e45c7-0735-4e5b-8fac-cea9918073f5","ts":"2026-01-23T13:34:54.691-05:00","eventName":"n8n.audit.workflow.updated","message":"n8n.audit.workflow.updated","payload":{"userId":"2a012144-5790-42bf-a5ce-c35e032b4d77","_email":"programmingpyrubygo@gmail.com","_firstName":"Lucas","_lastName":"de Souza Gomes","globalRole":"global:owner","workflowId":"huq7KEz7x0gMfRfdErCYu","workflowName":"AI Process Optimizer v1"}}
{"__type":"$$EventMessageConfirm","confirm":"608e45c7-0735-4e5b-8fac-cea9918073f5","ts":"2026-01-23T13:34:54.691-05:00","source":{"id":"0","name":"eventBus"}}
{"__type":"$$EventMessageAudit","id":"681216f7-9b9d-4eec-9d05-e5a3feb21862","ts":"2026-01-23T13:34:59.050-05:00","eventName":"n8n.audit.workflow.updated","message":"n8n.audit.workflow.updated","payload":{"userId":"2a012144-5790-42bf-a5ce-c35e032b4d77","_email":"programmingpyrubygo@gmail.com","_firstName":"Lucas","_lastName":"de Souza Gomes","globalRole":"global:owner","workflowId":"huq7KEz7x0gMfRfdErCYu","workflowName":"AI Process Optimizer v1"}}
{"__type":"$$EventMessageConfirm","confirm":"681216f7-9b9d-4eec-9d05-e5a3feb21862","ts":"2026-01-23T13:34:59.050-05:00","source":{"id":"0","name":"eventBus"}}
{"__type":"$$EventMessageAudit","id":"628f5d59-29e4-4962-9e3b-102ab675e9cc","ts":"2026-01-23T13:35:03.280-05:00","eventName":"n8n.audit.workflow.updated","message":"n8n.audit.workflow.updated","payload":{"userId":"2a012144-5790-42bf-a5ce-c35e032b4d77","_email":"programmingpyrubygo@gmail.com","_firstName":"Lucas","_lastName":"de Souza Gomes","globalRole":"global:owner","workflowId":"huq7KEz7x0gMfRfdErCYu","workflowName":"AI Process Optimizer v1"}}
{"__type":"$$EventMessageConfirm","confirm":"628f5d59-29e4-4962-9e3b-102ab675e9cc","ts":"2026-01-23T13:35:03.280-05:00","source":{"id":"0","name":"eventBus"}}
{"__type":"$$EventMessageWorkflow","id":"9bf4550b-e2e8-41d2-b6f9-0953f6f9a189","ts":"2026-01-23T13:35:07.068-05:00","eventName":"n8n.workflow.started","message":"n8n.workflow.started","payload":{"executionId":"13","workflowId":"huq7KEz7x0gMfRfdErCYu","isManual":false,"workflowName":"AI Process Optimizer v1"}}
{"__type":"$$EventMessageConfirm","confirm":"9bf4550b-e2e8-41d2-b6f9-0953f6f9a189","ts":"2026-01-23T13:35:07.068-05:00","source":{"id":"0","name":"eventBus"}}
{"__type":"$$EventMessageAudit","id":"37c8c67d-a939-408d-9a9d-4d2df7818774","ts":"2026-01-23T13:35:07.069-05:00","eventName":"n8n.audit.workflow.executed","message":"n8n.audit.workflow.executed","payload":{"userId":"2a012144-5790-42bf-a5ce-c35e032b4d77","_email":"programmingpyrubygo@gmail.com","_firstName":"Lucas","_lastName":"de Souza Gomes","globalRole":"global:owner","workflowId":"huq7KEz7x0gMfRfdErCYu","workflowName":"AI Process Optimizer v1","executionId":"13","source":"user-manual"}}
{"__type":"$$EventMessageConfirm","confirm":"37c8c67d-a939-408d-9a9d-4d2df7818774","ts":"2026-01-23T13:35:07.069-05:00","source":{"id":"0","name":"eventBus"}}
{"__type":"$$EventMessageNode","id":"75a45df9-b1dc-4cb2-a7e6-fbc22e099b18","ts":"2026-01-23T13:35:07.070-05:00","eventName":"n8n.node.started","message":"n8n.node.started","payload":{"workflowId":"huq7KEz7x0gMfRfdErCYu","workflowName":"AI Process Optimizer v1","executionId":"13","nodeType":"n8n-nodes-base.notion","nodeName":"Create a database page1","nodeId":"3e7118ec-f551-45ac-b159-c5004e664209"}}
{"__type":"$$EventMessageConfirm","confirm":"75a45df9-b1dc-4cb2-a7e6-fbc22e099b18","ts":"2026-01-23T13:35:07.070-05:00","source":{"id":"0","name":"eventBus"}}
{"__type":"$$EventMessageNode","id":"dd82bd6f-cc03-47d5-8807-144381fee845","ts":"2026-01-23T13:35:07.621-05:00","eventName":"n8n.node.finished","message":"n8n.node.finished","payload":{"workflowId":"huq7KEz7x0gMfRfdErCYu","workflowName":"AI Process Optimizer v1","executionId":"13","nodeType":"n8n-nodes-base.notion","nodeName":"Create a database page1","nodeId":"3e7118ec-f551-45ac-b159-c5004e664209"}}
{"__type":"$$EventMessageConfirm","confirm":"dd82bd6f-cc03-47d5-8807-144381fee845","ts":"2026-01-23T13:35:07.621-05:00","source":{"id":"0","name":"eventBus"}}
{"__type":"$$EventMessageWorkflow","id":"2c7a1faa-2528-456e-80bf-7abc405840cd","ts":"2026-01-23T13:35:07.624-05:00","eventName":"n8n.workflow.failed","message":"n8n.workflow.failed","payload":{"userId":"2a012144-5790-42bf-a5ce-c35e032b4d77","executionId":"13","success":false,"isManual":true,"workflowId":"huq7KEz7x0gMfRfdErCYu","workflowName":"AI Process Optimizer v1","lastNodeExecuted":"Create a database page1","errorNodeType":"n8n-nodes-base.notion","errorMessage":"texts is not iterable"}}
{"__type":"$$EventMessageConfirm","confirm":"2c7a1faa-2528-456e-80bf-7abc405840cd","ts":"2026-01-23T13:35:07.625-05:00","source":{"id":"0","name":"eventBus"}}
{"__type":"$$EventMessageWorkflow","id":"f8596adf-1073-41c4-a1a6-8112bd742a5c","ts":"2026-01-23T13:35:33.878-05:00","eventName":"n8n.workflow.started","message":"n8n.workflow.started","payload":{"executionId":"14","workflowId":"huq7KEz7x0gMfRfdErCYu","isManual":false,"workflowName":"AI Process Optimizer v1"}}
{"__type":"$$EventMessageConfirm","confirm":"f8596adf-1073-41c4-a1a6-8112bd742a5c","ts":"2026-01-23T13:35:33.878-05:00","source":{"id":"0","name":"eventBus"}}
{"__type":"$$EventMessageAudit","id":"440579bf-7f96-4e89-878f-81f3f827e49f","ts":"2026-01-23T13:35:33.879-05:00","eventName":"n8n.audit.workflow.executed","message":"n8n.audit.workflow.executed","payload":{"userId":"2a012144-5790-42bf-a5ce-c35e032b4d77","_email":"programmingpyrubygo@gmail.com","_firstName":"Lucas","_lastName":"de Souza Gomes","globalRole":"global:owner","workflowId":"huq7KEz7x0gMfRfdErCYu","workflowName":"AI Process Optimizer v1","executionId":"14","source":"user-manual"}}
{"__type":"$$EventMessageConfirm","confirm":"440579bf-7f96-4e89-878f-81f3f827e49f","ts":"2026-01-23T13:35:33.879-05:00","source":{"id":"0","name":"eventBus"}}
{"__type":"$$EventMessageNode","id":"234e932d-bd05-456b-a73e-a9a0678652cf","ts":"2026-01-23T13:35:33.879-05:00","eventName":"n8n.node.started","message":"n8n.node.started","payload":{"workflowId":"huq7KEz7x0gMfRfdErCYu","workflowName":"AI Process Optimizer v1","executionId":"14","nodeType":"n8n-nodes-base.notion","nodeName":"Create a database page1","nodeId":"3e7118ec-f551-45ac-b159-c5004e664209"}}
{"__type":"$$EventMessageConfirm","confirm":"234e932d-bd05-456b-a73e-a9a0678652cf","ts":"2026-01-23T13:35:33.880-05:00","source":{"id":"0","name":"eventBus"}}
{"__type":"$$EventMessageNode","id":"fff79787-91dd-4932-8d26-2d4459c7de5a","ts":"2026-01-23T13:35:35.064-05:00","eventName":"n8n.node.finished","message":"n8n.node.finished","payload":{"workflowId":"huq7KEz7x0gMfRfdErCYu","workflowName":"AI Process Optimizer v1","executionId":"14","nodeType":"n8n-nodes-base.notion","nodeName":"Create a database page1","nodeId":"3e7118ec-f551-45ac-b159-c5004e664209"}}
{"__type":"$$EventMessageConfirm","confirm":"fff79787-91dd-4932-8d26-2d4459c7de5a","ts":"2026-01-23T13:35:35.065-05:00","source":{"id":"0","name":"eventBus"}}
{"__type":"$$EventMessageWorkflow","id":"55272810-6c43-4c7f-aef8-04ebfbfa8ec4","ts":"2026-01-23T13:35:35.067-05:00","eventName":"n8n.workflow.failed","message":"n8n.workflow.failed","payload":{"userId":"2a012144-5790-42bf-a5ce-c35e032b4d77","executionId":"14","success":false,"isManual":true,"workflowId":"huq7KEz7x0gMfRfdErCYu","workflowName":"AI Process Optimizer v1","lastNodeExecuted":"Create a database page1","errorNodeType":"n8n-nodes-base.notion","errorMessage":"texts is not iterable"}}
{"__type":"$$EventMessageConfirm","confirm":"55272810-6c43-4c7f-aef8-04ebfbfa8ec4","ts":"2026-01-23T13:35:35.067-05:00","source":{"id":"0","name":"eventBus"}}
{"__type":"$$EventMessageAudit","id":"3bd41174-b6d1-4f10-876f-0f6e3db77831","ts":"2026-01-23T13:36:14.669-05:00","eventName":"n8n.audit.workflow.updated","message":"n8n.audit.workflow.updated","payload":{"userId":"2a012144-5790-42bf-a5ce-c35e032b4d77","_email":"programmingpyrubygo@gmail.com","_firstName":"Lucas","_lastName":"de Souza Gomes","globalRole":"global:owner","workflowId":"huq7KEz7x0gMfRfdErCYu","workflowName":"AI Process Optimizer v1"}}
{"__type":"$$EventMessageConfirm","confirm":"3bd41174-b6d1-4f10-876f-0f6e3db77831","ts":"2026-01-23T13:36:14.669-05:00","source":{"id":"0","name":"eventBus"}}
{"__type":"$$EventMessageAudit","id":"c1f452e1-d5c4-4793-a0e8-da62a042b356","ts":"2026-01-23T13:36:16.499-05:00","eventName":"n8n.audit.workflow.updated","message":"n8n.audit.workflow.updated","payload":{"userId":"2a012144-5790-42bf-a5ce-c35e032b4d77","_email":"programmingpyrubygo@gmail.com","_firstName":"Lucas","_lastName":"de Souza Gomes","globalRole":"global:owner","workflowId":"huq7KEz7x0gMfRfdErCYu","workflowName":"AI Process Optimizer v1"}}
{"__type":"$$EventMessageConfirm","confirm":"c1f452e1-d5c4-4793-a0e8-da62a042b356","ts":"2026-01-23T13:36:16.499-05:00","source":{"id":"0","name":"eventBus"}}
{"__type":"$$EventMessageAudit","id":"a0eca326-c3c2-4fa4-9e84-9492eb120a8f","ts":"2026-01-23T13:36:20.701-05:00","eventName":"n8n.audit.workflow.updated","message":"n8n.audit.workflow.updated","payload":{"userId":"2a012144-5790-42bf-a5ce-c35e032b4d77","_email":"programmingpyrubygo@gmail.com","_firstName":"Lucas","_lastName":"de Souza Gomes","globalRole":"global:owner","workflowId":"huq7KEz7x0gMfRfdErCYu","workflowName":"AI Process Optimizer v1"}}
{"__type":"$$EventMessageConfirm","confirm":"a0eca326-c3c2-4fa4-9e84-9492eb120a8f","ts":"2026-01-23T13:36:20.702-05:00","source":{"id":"0","name":"eventBus"}}
{"__type":"$$EventMessageWorkflow","id":"bcf3caed-00d1-4822-a713-658bba8a4e82","ts":"2026-01-23T13:36:21.682-05:00","eventName":"n8n.workflow.started","message":"n8n.workflow.started","payload":{"executionId":"15","workflowId":"huq7KEz7x0gMfRfdErCYu","isManual":false,"workflowName":"AI Process Optimizer v1"}}
{"__type":"$$EventMessageConfirm","confirm":"bcf3caed-00d1-4822-a713-658bba8a4e82","ts":"2026-01-23T13:36:21.682-05:00","source":{"id":"0","name":"eventBus"}}
{"__type":"$$EventMessageAudit","id":"7fe8d67e-889e-4efa-b415-e3d2889b203f","ts":"2026-01-23T13:36:21.683-05:00","eventName":"n8n.audit.workflow.executed","message":"n8n.audit.workflow.executed","payload":{"userId":"2a012144-5790-42bf-a5ce-c35e032b4d77","_email":"programmingpyrubygo@gmail.com","_firstName":"Lucas","_lastName":"de Souza Gomes","globalRole":"global:owner","workflowId":"huq7KEz7x0gMfRfdErCYu","workflowName":"AI Process Optimizer v1","executionId":"15","source":"user-manual"}}
{"__type":"$$EventMessageConfirm","confirm":"7fe8d67e-889e-4efa-b415-e3d2889b203f","ts":"2026-01-23T13:36:21.683-05:00","source":{"id":"0","name":"eventBus"}}
{"__type":"$$EventMessageNode","id":"31f641f1-1d66-4f00-9b08-f540531b6894","ts":"2026-01-23T13:36:21.684-05:00","eventName":"n8n.node.started","message":"n8n.node.started","payload":{"workflowId":"huq7KEz7x0gMfRfdErCYu","workflowName":"AI Process Optimizer v1","executionId":"15","nodeType":"n8n-nodes-base.notion","nodeName":"Create a database page1","nodeId":"3e7118ec-f551-45ac-b159-c5004e664209"}}
{"__type":"$$EventMessageConfirm","confirm":"31f641f1-1d66-4f00-9b08-f540531b6894","ts":"2026-01-23T13:36:21.684-05:00","source":{"id":"0","name":"eventBus"}}
{"__type":"$$EventMessageNode","id":"04ef86c4-0c9d-4a22-be80-59dfb0d6ee14","ts":"2026-01-23T13:36:22.628-05:00","eventName":"n8n.node.finished","message":"n8n.node.finished","payload":{"workflowId":"huq7KEz7x0gMfRfdErCYu","workflowName":"AI Process Optimizer v1","executionId":"15","nodeType":"n8n-nodes-base.notion","nodeName":"Create a database page1","nodeId":"3e7118ec-f551-45ac-b159-c5004e664209"}}
{"__type":"$$EventMessageConfirm","confirm":"04ef86c4-0c9d-4a22-be80-59dfb0d6ee14","ts":"2026-01-23T13:36:22.628-05:00","source":{"id":"0","name":"eventBus"}}
{"__type":"$$EventMessageWorkflow","id":"4aae9f79-fc2d-42bc-b4c6-5fa211252a21","ts":"2026-01-23T13:36:22.631-05:00","eventName":"n8n.workflow.success","message":"n8n.workflow.success","payload":{"userId":"2a012144-5790-42bf-a5ce-c35e032b4d77","executionId":"15","success":true,"isManual":true,"workflowId":"huq7KEz7x0gMfRfdErCYu","workflowName":"AI Process Optimizer v1"}}
{"__type":"$$EventMessageConfirm","confirm":"4aae9f79-fc2d-42bc-b4c6-5fa211252a21","ts":"2026-01-23T13:36:22.631-05:00","source":{"id":"0","name":"eventBus"}}
{"__type":"$$EventMessageAudit","id":"8e59eb3f-096b-4980-835f-ca4a7d8bf90f","ts":"2026-01-23T13:36:47.293-05:00","eventName":"n8n.audit.workflow.updated","message":"n8n.audit.workflow.updated","payload":{"userId":"2a012144-5790-42bf-a5ce-c35e032b4d77","_email":"programmingpyrubygo@gmail.com","_firstName":"Lucas","_lastName":"de Souza Gomes","globalRole":"global:owner","workflowId":"huq7KEz7x0gMfRfdErCYu","workflowName":"AI Process Optimizer v1"}}
{"__type":"$$EventMessageConfirm","confirm":"8e59eb3f-096b-4980-835f-ca4a7d8bf90f","ts":"2026-01-23T13:36:47.293-05:00","source":{"id":"0","name":"eventBus"}}
{"__type":"$$EventMessageAudit","id":"a0c1dac0-396f-4a45-ad81-8b3ab833f75d","ts":"2026-01-23T13:36:49.111-05:00","eventName":"n8n.audit.workflow.updated","message":"n8n.audit.workflow.updated","payload":{"userId":"2a012144-5790-42bf-a5ce-c35e032b4d77","_email":"programmingpyrubygo@gmail.com","_firstName":"Lucas","_lastName":"de Souza Gomes","globalRole":"global:owner","workflowId":"huq7KEz7x0gMfRfdErCYu","workflowName":"AI Process Optimizer v1"}}
{"__type":"$$EventMessageConfirm","confirm":"a0c1dac0-396f-4a45-ad81-8b3ab833f75d","ts":"2026-01-23T13:36:49.111-05:00","source":{"id":"0","name":"eventBus"}}
{"__type":"$$EventMessageWorkflow","id":"d7bc2d92-fd6b-4be5-9f89-18768fa66e26","ts":"2026-01-23T13:36:49.278-05:00","eventName":"n8n.workflow.started","message":"n8n.workflow.started","payload":{"executionId":"16","workflowId":"huq7KEz7x0gMfRfdErCYu","isManual":false,"workflowName":"AI Process Optimizer v1"}}
{"__type":"$$EventMessageConfirm","confirm":"d7bc2d92-fd6b-4be5-9f89-18768fa66e26","ts":"2026-01-23T13:36:49.278-05:00","source":{"id":"0","name":"eventBus"}}
{"__type":"$$EventMessageAudit","id":"a8f697f3-f8be-4492-a596-66f9afffb463","ts":"2026-01-23T13:36:49.278-05:00","eventName":"n8n.audit.workflow.executed","message":"n8n.audit.workflow.executed","payload":{"userId":"2a012144-5790-42bf-a5ce-c35e032b4d77","_email":"programmingpyrubygo@gmail.com","_firstName":"Lucas","_lastName":"de Souza Gomes","globalRole":"global:owner","workflowId":"huq7KEz7x0gMfRfdErCYu","workflowName":"AI Process Optimizer v1","executionId":"16","source":"user-manual"}}
{"__type":"$$EventMessageConfirm","confirm":"a8f697f3-f8be-4492-a596-66f9afffb463","ts":"2026-01-23T13:36:49.279-05:00","source":{"id":"0","name":"eventBus"}}
{"__type":"$$EventMessageNode","id":"961b0d12-475f-4957-85f3-76377783eb88","ts":"2026-01-23T13:36:49.279-05:00","eventName":"n8n.node.started","message":"n8n.node.started","payload":{"workflowId":"huq7KEz7x0gMfRfdErCYu","workflowName":"AI Process Optimizer v1","executionId":"16","nodeType":"n8n-nodes-base.notion","nodeName":"Create a database page1","nodeId":"3e7118ec-f551-45ac-b159-c5004e664209"}}
{"__type":"$$EventMessageConfirm","confirm":"961b0d12-475f-4957-85f3-76377783eb88","ts":"2026-01-23T13:36:49.280-05:00","source":{"id":"0","name":"eventBus"}}
{"__type":"$$EventMessageNode","id":"4752453c-40ae-441e-9440-3a872bd7cc4e","ts":"2026-01-23T13:36:50.419-05:00","eventName":"n8n.node.finished","message":"n8n.node.finished","payload":{"workflowId":"huq7KEz7x0gMfRfdErCYu","workflowName":"AI Process Optimizer v1","executionId":"16","nodeType":"n8n-nodes-base.notion","nodeName":"Create a database page1","nodeId":"3e7118ec-f551-45ac-b159-c5004e664209"}}
{"__type":"$$EventMessageConfirm","confirm":"4752453c-40ae-441e-9440-3a872bd7cc4e","ts":"2026-01-23T13:36:50.419-05:00","source":{"id":"0","name":"eventBus"}}
{"__type":"$$EventMessageWorkflow","id":"36d4caea-cb86-483d-842a-cc16e0b9980d","ts":"2026-01-23T13:36:50.421-05:00","eventName":"n8n.workflow.success","message":"n8n.workflow.success","payload":{"userId":"2a012144-5790-42bf-a5ce-c35e032b4d77","executionId":"16","success":true,"isManual":true,"workflowId":"huq7KEz7x0gMfRfdErCYu","workflowName":"AI Process Optimizer v1"}}
{"__type":"$$EventMessageConfirm","confirm":"36d4caea-cb86-483d-842a-cc16e0b9980d","ts":"2026-01-23T13:36:50.421-05:00","source":{"id":"0","name":"eventBus"}}
{"__type":"$$EventMessageWorkflow","id":"e122cf7b-d318-4281-a749-a064c8e7a325","ts":"2026-01-23T13:37:00.551-05:00","eventName":"n8n.workflow.started","message":"n8n.workflow.started","payload":{"executionId":"17","workflowId":"huq7KEz7x0gMfRfdErCYu","isManual":false,"workflowName":"AI Process Optimizer v1"}}
{"__type":"$$EventMessageConfirm","confirm":"e122cf7b-d318-4281-a749-a064c8e7a325","ts":"2026-01-23T13:37:00.551-05:00","source":{"id":"0","name":"eventBus"}}
{"__type":"$$EventMessageAudit","id":"9101a96c-1e8b-4e8d-9a7f-569dc39646d0","ts":"2026-01-23T13:37:00.551-05:00","eventName":"n8n.audit.workflow.executed","message":"n8n.audit.workflow.executed","payload":{"userId":"2a012144-5790-42bf-a5ce-c35e032b4d77","_email":"programmingpyrubygo@gmail.com","_firstName":"Lucas","_lastName":"de Souza Gomes","globalRole":"global:owner","workflowId":"huq7KEz7x0gMfRfdErCYu","workflowName":"AI Process Optimizer v1","executionId":"17","source":"user-manual"}}
{"__type":"$$EventMessageConfirm","confirm":"9101a96c-1e8b-4e8d-9a7f-569dc39646d0","ts":"2026-01-23T13:37:00.552-05:00","source":{"id":"0","name":"eventBus"}}
{"__type":"$$EventMessageNode","id":"a7bd4943-73ac-4aec-83c0-3249e84ce474","ts":"2026-01-23T13:37:00.552-05:00","eventName":"n8n.node.started","message":"n8n.node.started","payload":{"workflowId":"huq7KEz7x0gMfRfdErCYu","workflowName":"AI Process Optimizer v1","executionId":"17","nodeType":"n8n-nodes-base.notion","nodeName":"Create a database page1","nodeId":"3e7118ec-f551-45ac-b159-c5004e664209"}}
{"__type":"$$EventMessageConfirm","confirm":"a7bd4943-73ac-4aec-83c0-3249e84ce474","ts":"2026-01-23T13:37:00.552-05:00","source":{"id":"0","name":"eventBus"}}
{"__type":"$$EventMessageNode","id":"a658c011-ab72-4794-b1a0-98d8f9523360","ts":"2026-01-23T13:37:01.718-05:00","eventName":"n8n.node.finished","message":"n8n.node.finished","payload":{"workflowId":"huq7KEz7x0gMfRfdErCYu","workflowName":"AI Process Optimizer v1","executionId":"17","nodeType":"n8n-nodes-base.notion","nodeName":"Create a database page1","nodeId":"3e7118ec-f551-45ac-b159-c5004e664209"}}
{"__type":"$$EventMessageConfirm","confirm":"a658c011-ab72-4794-b1a0-98d8f9523360","ts":"2026-01-23T13:37:01.719-05:00","source":{"id":"0","name":"eventBus"}}
{"__type":"$$EventMessageWorkflow","id":"396ee303-2c40-428b-b1e2-314d7a6da427","ts":"2026-01-23T13:37:01.722-05:00","eventName":"n8n.workflow.success","message":"n8n.workflow.success","payload":{"userId":"2a012144-5790-42bf-a5ce-c35e032b4d77","executionId":"17","success":true,"isManual":true,"workflowId":"huq7KEz7x0gMfRfdErCYu","workflowName":"AI Process Optimizer v1"}}
{"__type":"$$EventMessageConfirm","confirm":"396ee303-2c40-428b-b1e2-314d7a6da427","ts":"2026-01-23T13:37:01.722-05:00","source":{"id":"0","name":"eventBus"}}
{"__type":"$$EventMessageWorkflow","id":"86c2fb61-2185-4df7-9bd5-ba59556ab339","ts":"2026-01-23T13:41:14.150-05:00","eventName":"n8n.workflow.started","message":"n8n.workflow.started","payload":{"executionId":"18","workflowId":"huq7KEz7x0gMfRfdErCYu","isManual":false,"workflowName":"AI Process Optimizer v1"}}
{"__type":"$$EventMessageConfirm","confirm":"86c2fb61-2185-4df7-9bd5-ba59556ab339","ts":"2026-01-23T13:41:14.150-05:00","source":{"id":"0","name":"eventBus"}}
{"__type":"$$EventMessageAudit","id":"13476763-f344-4228-a538-1055a0d72113","ts":"2026-01-23T13:41:14.151-05:00","eventName":"n8n.audit.workflow.executed","message":"n8n.audit.workflow.executed","payload":{"workflowId":"huq7KEz7x0gMfRfdErCYu","workflowName":"AI Process Optimizer v1","executionId":"18","source":"webhook"}}
{"__type":"$$EventMessageConfirm","confirm":"13476763-f344-4228-a538-1055a0d72113","ts":"2026-01-23T13:41:14.151-05:00","source":{"id":"0","name":"eventBus"}}
{"__type":"$$EventMessageNode","id":"979583ce-bb97-4b48-a8ab-1cb293614bcc","ts":"2026-01-23T13:41:14.151-05:00","eventName":"n8n.node.started","message":"n8n.node.started","payload":{"workflowId":"huq7KEz7x0gMfRfdErCYu","workflowName":"AI Process Optimizer v1","executionId":"18","nodeType":"n8n-nodes-base.webhook","nodeName":"Webhook1","nodeId":"edad836c-dfcd-4f20-a8c7-1849df114bc8"}}
{"__type":"$$EventMessageConfirm","confirm":"979583ce-bb97-4b48-a8ab-1cb293614bcc","ts":"2026-01-23T13:41:14.152-05:00","source":{"id":"0","name":"eventBus"}}
{"__type":"$$EventMessageNode","id":"5d0705ee-7016-4207-8bdf-1a8ca648f397","ts":"2026-01-23T13:41:14.154-05:00","eventName":"n8n.node.finished","message":"n8n.node.finished","payload":{"workflowId":"huq7KEz7x0gMfRfdErCYu","workflowName":"AI Process Optimizer v1","executionId":"18","nodeType":"n8n-nodes-base.webhook","nodeName":"Webhook1","nodeId":"edad836c-dfcd-4f20-a8c7-1849df114bc8"}}
{"__type":"$$EventMessageConfirm","confirm":"5d0705ee-7016-4207-8bdf-1a8ca648f397","ts":"2026-01-23T13:41:14.155-05:00","source":{"id":"0","name":"eventBus"}}
{"__type":"$$EventMessageNode","id":"27544717-3ebd-437c-b15a-9d25cc0f8596","ts":"2026-01-23T13:41:14.156-05:00","eventName":"n8n.node.started","message":"n8n.node.started","payload":{"workflowId":"huq7KEz7x0gMfRfdErCYu","workflowName":"AI Process Optimizer v1","executionId":"18","nodeType":"n8n-nodes-base.notion","nodeName":"Create a database page1","nodeId":"3e7118ec-f551-45ac-b159-c5004e664209"}}
{"__type":"$$EventMessageConfirm","confirm":"27544717-3ebd-437c-b15a-9d25cc0f8596","ts":"2026-01-23T13:41:14.156-05:00","source":{"id":"0","name":"eventBus"}}
{"__type":"$$EventMessageNode","id":"d6a46ec6-60ae-443f-a058-6c7219fba062","ts":"2026-01-23T13:41:15.308-05:00","eventName":"n8n.node.finished","message":"n8n.node.finished","payload":{"workflowId":"huq7KEz7x0gMfRfdErCYu","workflowName":"AI Process Optimizer v1","executionId":"18","nodeType":"n8n-nodes-base.notion","nodeName":"Create a database page1","nodeId":"3e7118ec-f551-45ac-b159-c5004e664209"}}
{"__type":"$$EventMessageConfirm","confirm":"d6a46ec6-60ae-443f-a058-6c7219fba062","ts":"2026-01-23T13:41:15.308-05:00","source":{"id":"0","name":"eventBus"}}
{"__type":"$$EventMessageWorkflow","id":"0f1aa098-d9e6-4a11-9e59-e2446921875f","ts":"2026-01-23T13:41:15.315-05:00","eventName":"n8n.workflow.success","message":"n8n.workflow.success","payload":{"executionId":"18","success":true,"isManual":true,"workflowId":"huq7KEz7x0gMfRfdErCYu","workflowName":"AI Process Optimizer v1"}}
{"__type":"$$EventMessageConfirm","confirm":"0f1aa098-d9e6-4a11-9e59-e2446921875f","ts":"2026-01-23T13:41:15.315-05:00","source":{"id":"0","name":"eventBus"}}
{"__type":"$$EventMessageAudit","id":"47f259e7-bfa3-46a4-be95-ab8874c20db6","ts":"2026-01-23T13:41:41.492-05:00","eventName":"n8n.audit.workflow.activated","message":"n8n.audit.workflow.activated","payload":{"userId":"2a012144-5790-42bf-a5ce-c35e032b4d77","_email":"programmingpyrubygo@gmail.com","_firstName":"Lucas","_lastName":"de Souza Gomes","globalRole":"global:owner","workflowId":"huq7KEz7x0gMfRfdErCYu","workflowName":"AI Process Optimizer v1","activeVersionId":"b673e06c-ccc7-4526-a3c7-d469c28115c8"}}
{"__type":"$$EventMessageConfirm","confirm":"47f259e7-bfa3-46a4-be95-ab8874c20db6","ts":"2026-01-23T13:41:41.492-05:00","source":{"id":"0","name":"eventBus"}}
{"__type":"$$EventMessageWorkflow","id":"23ea401a-9501-4156-ae4c-ed38ef557ff2","ts":"2026-01-23T13:42:56.965-05:00","eventName":"n8n.workflow.started","message":"n8n.workflow.started","payload":{"executionId":"19","workflowId":"huq7KEz7x0gMfRfdErCYu","isManual":false,"workflowName":"AI Process Optimizer v1"}}
{"__type":"$$EventMessageConfirm","confirm":"23ea401a-9501-4156-ae4c-ed38ef557ff2","ts":"2026-01-23T13:42:56.965-05:00","source":{"id":"0","name":"eventBus"}}
{"__type":"$$EventMessageAudit","id":"cfc68a03-f629-459a-b872-3139f6ff09a4","ts":"2026-01-23T13:42:56.965-05:00","eventName":"n8n.audit.workflow.executed","message":"n8n.audit.workflow.executed","payload":{"workflowId":"huq7KEz7x0gMfRfdErCYu","workflowName":"AI Process Optimizer v1","executionId":"19","source":"webhook"}}
{"__type":"$$EventMessageConfirm","confirm":"cfc68a03-f629-459a-b872-3139f6ff09a4","ts":"2026-01-23T13:42:56.965-05:00","source":{"id":"0","name":"eventBus"}}
{"__type":"$$EventMessageNode","id":"cee3eac8-1478-40c0-9d5a-f3c39b1bf1a3","ts":"2026-01-23T13:42:56.966-05:00","eventName":"n8n.node.started","message":"n8n.node.started","payload":{"workflowId":"huq7KEz7x0gMfRfdErCYu","workflowName":"AI Process Optimizer v1","executionId":"19","nodeType":"n8n-nodes-base.webhook","nodeName":"Webhook","nodeId":"8e0314ea-e9e8-41c1-bae8-6cafb4fb200a"}}
{"__type":"$$EventMessageConfirm","confirm":"cee3eac8-1478-40c0-9d5a-f3c39b1bf1a3","ts":"2026-01-23T13:42:56.966-05:00","source":{"id":"0","name":"eventBus"}}
{"__type":"$$EventMessageNode","id":"97898371-a2ef-4f0a-baf3-7ff9d6a549e9","ts":"2026-01-23T13:42:56.967-05:00","eventName":"n8n.node.finished","message":"n8n.node.finished","payload":{"workflowId":"huq7KEz7x0gMfRfdErCYu","workflowName":"AI Process Optimizer v1","executionId":"19","nodeType":"n8n-nodes-base.webhook","nodeName":"Webhook","nodeId":"8e0314ea-e9e8-41c1-bae8-6cafb4fb200a"}}
{"__type":"$$EventMessageConfirm","confirm":"97898371-a2ef-4f0a-baf3-7ff9d6a549e9","ts":"2026-01-23T13:42:56.967-05:00","source":{"id":"0","name":"eventBus"}}
{"__type":"$$EventMessageNode","id":"ae9f5da7-ddf9-45ef-8850-dcdb8a5835d9","ts":"2026-01-23T13:42:56.968-05:00","eventName":"n8n.node.started","message":"n8n.node.started","payload":{"workflowId":"huq7KEz7x0gMfRfdErCYu","workflowName":"AI Process Optimizer v1","executionId":"19","nodeType":"n8n-nodes-base.notion","nodeName":"Create a database page","nodeId":"b003d87a-1f21-4652-a36a-4f34992e0fa1"}}
{"__type":"$$EventMessageConfirm","confirm":"ae9f5da7-ddf9-45ef-8850-dcdb8a5835d9","ts":"2026-01-23T13:42:56.968-05:00","source":{"id":"0","name":"eventBus"}}
{"__type":"$$EventMessageNode","id":"e3c36092-bcec-44cd-a3d9-546b63ea5282","ts":"2026-01-23T13:42:57.936-05:00","eventName":"n8n.node.finished","message":"n8n.node.finished","payload":{"workflowId":"huq7KEz7x0gMfRfdErCYu","workflowName":"AI Process Optimizer v1","executionId":"19","nodeType":"n8n-nodes-base.notion","nodeName":"Create a database page","nodeId":"b003d87a-1f21-4652-a36a-4f34992e0fa1"}}
{"__type":"$$EventMessageConfirm","confirm":"e3c36092-bcec-44cd-a3d9-546b63ea5282","ts":"2026-01-23T13:42:57.936-05:00","source":{"id":"0","name":"eventBus"}}
{"__type":"$$EventMessageWorkflow","id":"1eb90769-53e7-4865-812a-d01d85b87c01","ts":"2026-01-23T13:42:57.940-05:00","eventName":"n8n.workflow.success","message":"n8n.workflow.success","payload":{"executionId":"19","success":true,"isManual":true,"workflowId":"huq7KEz7x0gMfRfdErCYu","workflowName":"AI Process Optimizer v1"}}
{"__type":"$$EventMessageConfirm","confirm":"1eb90769-53e7-4865-812a-d01d85b87c01","ts":"2026-01-23T13:42:57.940-05:00","source":{"id":"0","name":"eventBus"}}
